"FoodName";"IsMeat";"isVegetarian";"isVegan"
"]";0;1;1
"\";0;1;1
"0";0;1;1
"abalone without shell";0;1;1
"absinthe";0;1;1
"acai berry sorbet";0;1;1
"acai juice";0;1;1
"Accompaniments";0;1;1
"achiote seeds";0;1;1
"additional hazelnutfor garnish";0;1;1
"adobo";0;1;1
"Adzuki Bean Filling";0;1;1
"agave";0;1;1
"Agave Nectar";0;1;1
"ale";0;1;1
"alfalfa sprouts";0;1;1
"Alfredo sauce";0;1;1
"alligator meat";0;1;1
"almond";0;1;1
"Almond Cake";0;1;1
"aloe vera juice";0;1;1
"alum";0;1;1
"amaranth";0;1;1
"amaranth greens";0;1;1
"amaretto";0;1;1
"amber rum";0;1;1
"Amer Picon";0;1;1
"Amish Friendship Bread Starter";0;1;1
"ancho chili powder";0;1;1
"anchovies";0;1;1
"anchovy";0;1;1
"and ginger";0;1;1
"and ginger root";0;1;1
"and pitted nectarine";0;1;1
"angel food cake";0;1;0
"Angostura bitters";0;1;1
"anise";0;1;1
"annatto or achiote powder";0;1;1
"annatto powder";0;1;1
"antelomeat";1;0;0
"any color liquid food color";0;1;1
"apple";0;0;1
"Apple Filling";0;1;1
"Apple Layer";0;1;1
"Apples";0;1;1
"apricot";0;1;1
"Apricot preserves";0;1;1
"aquafaba";0;1;1
"aromatic bitters";0;1;1
"arrowroot powder";0;1;1
"artichoke";0;1;1
"arugula";0;1;1
"asafoetida powder";0;1;1
"Asiago Cheese";0;1;1
"Asian chili paste";0;1;1
"asparagus";0;1;1
"Assorted crackers";0;1;1
"Atlantic sea bass";0;1;1
"au jugravy mix";0;1;1
"Au Jus";0;1;1
"avocado";0;1;1
"Avocado Aioli";0;1;1
"Avocado from Mexico";0;1;1
"Avocadofrom Mexico";0;1;1
"baby back ribs";0;1;1
"baby chard";0;1;1
"baby greenmix";0;1;1
"baby greens";0;1;1
"baby peas";0;1;1
"bacon";1;0;0
"baguette";0;1;1
"Baguette slicetoasted";0;1;1
"baharat";0;1;1
"BAKER'ANGEL FLAKE Coconut toasted";0;1;1
"bakers' ammonia";0;1;1
"bakery sub rolls";0;1;1
"bakery uette";0;1;1
"baking mix";0;1;1
"baking powder";0;1;1
"baking soda";0;1;1
"Ball Park Franks";0;1;1
"ballof mozzarella";0;1;1
"ballprepared pizza dough";0;1;1
"balsamic";0;1;1
"Balsamic Drizzle";0;1;1
"Balsamic Marinade";0;1;1
"bamboo";0;1;1
"banana";0;1;1
"Banana Bread";0;1;1
"Banana Cupcakes";0;1;1
"Bananas";0;1;1
"Bannock";0;1;1
"bar clamwith juice reserved";0;1;1
"barbecue";0;1;1
"barbeque sauce";0;1;1
"barbeque sauce warmed";0;1;1
"barley";0;1;1
"Bars";0;1;1
"Base";0;1;1
"Basic Cookie Mix";0;1;1
"basil";0;1;1
"Basil aioli";0;1;1
"Basil Mayo";0;1;1
"Batter";0;1;1
"bay";0;1;1
"BBQ Rub";0;1;1
"BBQ sauce";0;1;1
"bean";0;1;1
"Bean Cakes";0;1;1
"Bean Mixture";0;1;1
"Beans";0;1;1
"bear meat";1;0;0
"beef";1;0;0
"beer";0;1;1
"beet";0;1;1
"bela";0;1;1
"Belgian endive leaves";0;1;1
"Bell Peppers";0;1;1
"Benedictine¬Æ liqueur";0;1;1
"Berries";0;1;1
"Berry Layer";0;1;1
"Berry Sauce";0;1;1
"Beurre Blanc";0;1;1
"Biga";0;1;1
"bird seed mix";0;1;1
"Biscotti";0;1;1
"biscuit";0;1;1
"Biscuits";0;1;1
"bison";1;0;0
"Bitter Melon Jelly";0;1;1
"black caviar";0;1;1
"black currant syrup";0;1;1
"black decorating gel";0;1;1
"black goat meat";1;0;0
"black mission fig in quarters";0;1;1
"black raisins";0;1;1
"black raspberries";0;1;1
"black sesame seeds";0;1;1
"black sesame seedtoasted";0;1;1
"black walnuts";0;1;1
"blackberries";0;1;1
"blackberry";0;1;1
"blackstrap molasses";0;1;1
"bloody mary mix";0;1;1
"blueberries";0;1;1
"blueberry";0;1;1
"Blueberry Cream";0;1;1
"Blueberry Topping";0;1;1
"bocconcini";0;1;1
"boiled peanuts";0;1;1
"bok choy";0;1;1
"bologna";1;0;0
"bologna into pieces";1;0;0
"Bolognese Sauce";1;1;1
"bonito flakes";0;1;1
"bonito shavings";0;1;1
"Borden¬Æ Butter";0;1;0
"Borden¬Æ Colby Jack Shredded Cheese";0;1;1
"Borden¬Æ Gouda Shreds";0;1;1
"Borden¬Æ Half & Half";0;1;1
"Borden¬Æ Sharp Cheddar Shredded Cheese";0;1;1
"BOTTOM LAYER";0;0;0
"bottom round";0;1;1
"bottom round roast";1;0;0
"bourbon";0;1;1
"bourbon whiskey";0;1;1
"Bowl Ingredients";0;1;1
"box couscous";0;1;1
"box fettuccine cooked and drained";0;1;1
"box GOYA¬Æ Yellow Rice";0;1;1
"box raisins";0;1;1
"box toothpicks";0;1;1
"box vanilla wafer cookies";0;1;1
"boxeraisins";0;1;1
"boysenberries";0;1;1
"bran";0;1;1
"brandy";0;1;1
"brandy or pisco";0;1;1
"bratwurst";1;0;0
"bratwurst casingremoved";1;0;0
"bratwurst links";0;1;1
"braunschweiger";0;1;1
"Brazil nuts";0;1;1
"bread";0;1;1
"Breadcrumb Mixture";0;1;1
"Breading";0;1;1
"Breading Mix";0;1;1
"Brickle Dip";0;1;1
"Brie into small chunks";0;1;1
"Brine";0;1;1
"brioche torn into pieces";0;1;1
"Brisket Rub";1;0;0
"broccoli";0;1;1
"broken into pieces";0;1;1
"broken soda crackers";0;1;1
"broken walnuts";0;1;1
"broth";0;1;1
"brown ale";0;1;1
"brown gravy";0;1;1
"brown gravy mix";0;1;1
"brown paper";0;1;1
"brown roux";0;1;1
"brown sauce";0;1;1
"Browned Butter";0;1;1
"brownie";0;1;0
"Browniecrumbled";0;1;1
"Brownies";0;1;1
"brussel sprouts";0;1;1
"Brussels sprouts";0;1;1
"buckwheat";0;1;1
"buffalo";1;0;0
"Buffalo hot sauce";0;1;1
"Buffalo Sauce";0;1;1
"Buffalo wing sauce";0;1;1
"Buffalo wingsauce";0;1;1
"bulb shallot";0;1;1
"bulbshallots";0;1;1
"bulgar";0;1;1
"bulgur";0;1;1
"bulgur rinsed";0;1;1
"bulgur uncooked";0;1;1
"bulgur wheat";0;1;1
"bun";0;1;1
"burdock root and";0;1;1
"Burgers";0;1;1
"butter";1;0;0
"Butter melted";0;1;1
"Buttercream Filling";0;1;1
"cacao powder";0;1;1
"Cajun Cake";0;1;1
"CAKE";0;1;1
"Cake Base";0;1;1
"Cake batter";0;1;1
"cake cubes";0;1;1
"cake mix";1;0;0
"Cakes";0;1;1
"calamansi juice";0;1;1
"calamari cleaned";1;0;0
"calamari tentacles";0;1;1
"calcium chloride";0;1;1
"calcium magnesium powder";0;1;1
"California walnuts";0;1;1
"calveliver";0;1;1
"calves' liver";0;1;1
"calves' livers";0;1;1
"Campbell's¬Æ Condensed Black Bean Cumin & Cilantro Soup";0;1;1
"Campbell's¬Æ Condensed Creamy Poblano & Queso Soup";0;1;1
"Canadian whiskey";0;1;1
"Candy es";0;1;1
"Canola oil";0;1;1
"caper brine";0;1;1
"caper juice";0;1;1
"capers";0;1;1
"caramel";0;1;0
"Caramel Frosting";0;1;1
"Caramel Layer";0;1;1
"Caramel Sauce";0;1;1
"Caramel Whipped Cream";0;1;1
"Caramelized Onion Dip";0;1;1
"CARAMELS";0;1;1
"caraway seed";0;1;1
"caraway seedfor rolling";0;1;1
"caraway seeds";0;1;1
"carcass";1;0;0
"cardamom";0;1;1
"carob chips";0;1;1
"carob powder";0;1;1
"carrot";0;1;1
"carrot and";0;1;1
"carrot and into pieces";0;1;1
"carrot and sliced";0;1;1
"carrot baby food";0;1;1
"Carrot cake";0;1;1
"carrot into chunks";0;1;1
"carrot into matchsticks";0;1;1
"carrot into small cubes";0;1;1
"carrot into sticks";0;1;1
"carrot into thick strips";0;1;1
"carrot into thin strips";0;1;1
"carrot juice";0;1;1
"carrot julienned";0;1;1
"carrot matchsticks";0;1;1
"carrot ribbons";0;1;1
"carrot roughly";0;1;1
"carrot small";0;1;1
"carrot sticks";0;1;1
"carrot strips";0;1;1
"carrot thin";0;1;1
"carrots";0;1;1
"carton College Inn¬Æ Chicken Broth";0;1;1
"carton sour cream";0;1;1
"cartonSwanson¬Æ Chicken Stock";0;1;1
"Casbah Couscous";0;1;1
"Cashew Butter";0;1;1
"Cashew Cream";0;1;1
"cashew halves";0;1;1
"cashew nuts";0;1;1
"cashew pieces";0;1;1
"cashews";0;1;1
"cassava and";0;1;1
"Casserole";0;1;1
"caul fat";0;1;1
"cauliflower";0;1;1
"cavatappi";0;1;1
"caviar";0;1;1
"cayenne";0;1;1
"cedar plank";0;1;1
"celeriac";0;1;1
"celeriac and";0;1;1
"celery";0;1;1
"Centers";0;0;0
"cereal";0;1;1
"chai concentrate";0;1;1
"chana dal";0;1;1
"char siu";0;1;1
"charcoal briquettes";0;1;1
"chard";0;1;1
"chayotes";0;1;1
"Cheddar Crisps";0;1;1
"cheese";0;1;0
"Cheese Layer";0;1;1
"Cheese Mixture";0;1;1
"Cheese Sauce";0;1;1
"Cheesecake";0;1;1
"Cheesecake Filling";0;1;1
"cherries";0;1;1
"cherry";0;1;1
"Cherry Filling";0;1;1
"chervil";0;1;1
"chestnut puree";0;1;1
"chestnuts";0;1;1
"chevre";0;1;1
"chewy sour dy";0;1;1
"Chia Pudding";0;1;1
"chia seed*";0;1;1
"chia seeds";0;1;1
"chicken";1;0;0
"Chicken and Pasta";1;0;0
"chicken broth";1;0;0
"Chicken filling";1;0;0
"Chicken Marinade";0;1;1
"chicken soup";1;0;0
"Chicken Spice Rub";0;1;1
"chickpeas";0;1;1
"chile";0;1;1
"chili";0;1;1
"Chili Beans";0;1;1
"Chili Mixture";0;1;1
"chili paste or sauce";0;1;1
"chili powder";1;0;0
"chili powder to taste";0;1;1
"chili sauce";0;1;1
"chilled club soda";0;1;1
"chilled cream soda";0;1;1
"chilled ginger ale";0;1;1
"chilled Riesling";0;1;1
"chilli";0;1;1
"Chimichurri Sauce";0;1;1
"Chinese hot sauce";0;1;1
"chipotle";0;1;1
"Chipotle Cream Sauce";0;1;1
"chive blossoms";0;1;1
"Chive Cream";0;1;1
"chives";0;1;1
"chocolate";0;1;0
"Chocolate Cake";0;1;1
"Chocolate for serving";0;1;1
"Chocolate layer";0;1;1
"Chocolate or fudge sauce";0;1;1
"Chocolate sauce";0;1;1
"Chocolate syrup";0;1;1
"Chocolate Topping";0;1;1
"Chopped parsley";0;1;1
"Chopped parsley for garnish";0;1;1
"chorizo";1;0;0
"chorizo crumbled";1;0;0
"chorizo into chunks";0;1;1
"choy sum";0;1;1
"chuck";0;1;1
"chuck roast";1;0;0
"Chutney";0;1;1
"ciabatta rollhorizontally";0;1;1
"ciabatta rolls";0;1;1
"ciabatta rollsplit";0;1;1
"ciabatta sandwich rolls";0;1;1
"CIGARS";0;1;1
"cilantro";0;1;1
"cinnamon";0;1;1
"Cinnamon to taste";0;1;1
"citric acid";0;1;1
"citric acid powder";0;1;1
"citron vodka";0;1;1
"CitruHerbed Butter";0;1;1
"clam juice";1;0;0
"clam juwater";0;1;1
"Clamato¬Æ Tomato Cocktail";0;1;1
"clamcleaned";0;1;1
"clamin shell scrubbed";1;0;0
"clams";0;1;1
"clamwith juice";0;1;1
"clamwith juicereserved";0;1;1
"Classic Crisco¬Æ Pie Crust";0;1;1
"Classico¬Æ Creamy Alfredo Sauce";0;1;1
"clean snow";0;1;1
"clean snow or aneeded";0;1;1
"cleaned calamari";1;0;0
"cleaned smelt";0;1;1
"clementine";0;1;1
"clove";0;1;1
"club soda";0;1;1
"club soda or aneeded";0;1;1
"coarse bulgur";0;1;1
"Coating";0;1;1
"Coating Mixture";0;1;1
"Coatings";0;1;1
"Cobbler";0;1;1
"Cobbler Batter";0;1;1
"Cobbler Mix";0;1;1
"Cobbler Topping";0;1;1
"Coca Extract";0;1;1
"Cocktail";0;1;1
"Cocktail peanuts";0;1;1
"cocktail rye";0;1;1
"cocktail sauce";0;1;1
"cocktail umbrellas";0;1;1
"cocktail wieners";0;1;1
"Cocktails";0;1;1
"cocoa";0;1;1
"Cocoa powder for garnish";0;1;1
"coconut";0;1;1
"Coconut Cake";0;1;1
"Coconut Sauce";0;1;1
"cod";1;0;0
"coffee";0;1;1
"Coffee Cake";0;1;1
"cognac";0;1;1
"cognac or brandy";0;1;1
"Cointreau";0;1;1
"cola soft drink";0;1;1
"colacionedies";0;1;1
"Coleslaw";0;1;1
"coleslaw mix";0;1;0
"collard greens";0;1;1
"College Inn¬Æ Chicken Broth";0;1;1
"Compote";0;1;1
"condensed mincemeat crumbled";0;1;1
"condensed oxtail soup";0;1;1
"condensed vegetable soup";0;1;1
"CONTADINA¬Æ Crushed Tomatoes";0;1;1
"CONTADINA¬Æ Tomato Sauce";0;1;1
"cooked and lobster meat";0;1;1
"cooked couscous";0;1;1
"cooked lobster meat";0;1;1
"cooked luncheon meat into tiny pieces";0;1;1
"cooked meatballs";0;1;1
"cooked orzo";0;0;0
"cooked peas";0;1;1
"cooked pheasant";0;1;1
"Cookie";0;1;1
"Cookie Base";0;1;1
"Cookie Dough";0;1;1
"Cookie Layer";0;1;1
"Cookie Layers";0;1;1
"cookies";0;1;1
"cooking sake";0;1;1
"cooking sherry";0;1;1
"cooking spray";0;1;0
"coriander";0;1;1
"coriander powder";0;1;1
"coriander seed";0;1;1
"coriander seed cracked";0;1;1
"coriander seeds";0;1;1
"corn";0;1;1
"Corned Beef";0;1;1
"Cornish game hen lengthwise";0;1;1
"Cornish game hen thawed";0;1;1
"Cornish game hens";1;0;0
"Cornish hen gibletremoved";0;1;1
"Cornmeal";0;1;1
"Cornmeal for rolling";0;1;1
"cotechino";0;1;1
"cotton dy";0;1;1
"country gravy mix";0;1;1
"couscous";0;1;1
"crab";1;0;0
"Crab Cakes";1;0;0
"CRAB STUFFING";1;0;0
"cracked ice";0;1;1
"cracked water";0;1;1
"cracked wheat";0;1;1
"CRACKER BARREL Shredded Light Tex Mex Cheese";0;1;1
"cracker crumbs";0;1;1
"cracker meal";0;1;1
"crackers";0;1;1
"craisins";0;1;1
"cranberries";0;1;1
"cranberry";0;1;1
"cream";0;1;1
"cream cheese";0;1;1
"Cream Cheese Filling";0;1;1
"Cream Cheese Frosting";0;1;1
"Cream Cheese Icing";0;1;0
"Cream Cheese Layer";0;1;1
"Cream Filling";0;1;1
"Cream Layers";0;1;1
"cream of tartar";0;1;1
"Cream Sauce";0;1;1
"cream sherry";0;1;1
"cream soda";0;1;1
"Creamed Beef";0;1;1
"creamed horseradish";0;1;1
"creamy dill dip";0;1;1
"creamy pesto sauce mix";0;1;1
"CreBatter";0;1;1
"crema Mexia";0;1;1
"creme de cacao";0;1;1
"creme de cacao liqueur";0;1;1
"creme de cassiliqueur";0;1;1
"creme de menthe liqueur";0;1;1
"creme fraiche";0;1;1
"creme fraiche or sour cream";0;1;1
"crepes";0;1;1
"crescent roll";0;1;1
"crescent roll dough";0;1;1
"crescent rolls";0;1;1
"Crisco¬Æ Pure Vegetableoil";0;1;1
"Crisco¬Æ Pure Vegetableoil for frying";0;1;1
"crispy tostada shells";0;1;1
"croissants";0;1;1
"croissantsplit";0;1;1
"Crosse & Blackwell¬Æ Capers";0;1;1
"Crosse & Blackwell¬Æ Premium Ham Glaze";0;1;1
"croutonor adesired";0;1;1
"croutons";0;1;1
"Crumb";0;1;1
"Crumb Crust";0;1;1
"Crumb Topping";0;1;1
"Crumble";0;1;1
"Crumble topping";0;1;1
"crumbled feta";0;1;1
"crumbled queso fresco";0;1;1
"Crumbs";0;1;1
"crust";0;1;0
"Crust Ingredients";0;1;1
"crystal malt";0;1;1
"crystallized ginger";0;1;1
"cube ice";0;1;1
"cube vegetable bouillon";0;1;1
"cubeice";0;1;1
"cubeice cubeor aneeded";0;1;1
"cubeice cubes";0;1;1
"cubeice or adesired";0;1;1
"cubevegetable bouillon";0;1;1
"cubewater";0;1;1
"cucumber";0;1;1
"Cucumber Dressing";0;1;1
"cumin";0;1;1
"cupcake";0;1;1
"Cupcake Batter";0;1;1
"Cupcakes";0;1;1
"curly endive";0;1;1
"curly leaf parsley";0;1;1
"currants";0;1;1
"Curry";0;1;1
"curry leaves";0;1;1
"Curry Paste";0;1;1
"curry paste to taste";0;1;1
"curry powder";0;1;1
"curry powder optional";0;1;1
"curry powder to taste";0;1;1
"curry powder toasted";0;1;1
"curry sauce";0;1;1
"Custard";0;1;1
"Custard Base";0;1;1
"custard powder";0;1;1
"d Bloody Mary mix";0;1;1
"d clam juice";0;1;1
"d marinara sauce";0;1;1
"d sponge cake shells";0;1;1
"d teriyaki sauce";0;1;1
"daikon radish";0;1;1
"daikon radish and into matchsticks";0;1;1
"daikon radish into sticks";0;1;1
"daikon radish into x pieces";0;1;1
"daikon radish ribbons";0;1;1
"daikon radish sprouts";0;1;1
"Dal";0;1;1
"dandelion flowers";0;1;1
"dandelion greens";0;1;1
"dark maple syrup";0;1;1
"dark molasseor treacle";0;1;1
"dark molasses";0;1;1
"dark rum";0;1;1
"Dash of";0;1;1
"Dash of nutmeg";0;1;1
"dates";0;1;1
"day old uette";0;0;0
"Decorations";0;1;1
"DEL MONTE¬Æ Cut Green Beans";0;1;1
"Diamond Crystal¬Æ Coarse Sea Salt";0;1;1
"Dickinson's¬Æ Cranberry Relish";0;1;1
"Dickinson's¬Æ Lemon Curd";0;1;1
"Dijon Vinaigrette";0;1;1
"dill";0;1;1
"dill leaves";0;1;1
"dill seed";0;1;1
"dill stemtrimmed";0;1;1
"dill weed";0;1;1
"dinner rolls";0;1;1
"dinner rollsplit";0;1;1
"Dip";0;1;1
"Dipping Sauce";0;1;1
"dlenuts";0;1;1
"DOLE Banana";0;1;1
"DOLE Mandarin Oranges";0;1;1
"DOLE SeedlesRaisins";0;1;1
"DOLE¬Æ Arugula";0;1;1
"DOLE¬Æ Italian Blend";0;1;1
"double cream";0;1;1
"DOUGH";0;1;1
"Doughnuts";0;1;1
"Dover sole";0;1;1
"Dr. Pepper ‚Ñ¢ soft drink";0;1;1
"dragon fruit";0;1;1
"dragon fruit and";0;1;1
"drained ned peas";0;1;1
"drained sauerkraut";0;1;1
"dressing";0;1;1
"Drink";0;1;1
"dry brown gravy mix";0;1;1
"dry bulgur wheat";0;1;1
"dry chorizo";1;0;0
"dry couscous";0;1;1
"dry cream of wheat";0;1;1
"dry enchilada sauce mix";0;1;1
"dry falafel mix";0;1;1
"dry giant Israeli couscous";0;1;1
"dry gin";0;1;1
"dry green split peas";0;1;1
"dry grits";0;1;1
"dry ice";0;1;1
"Dry Ingredients";0;1;1
"dry leek soup mix";0;1;1
"dry linguini";0;1;1
"dry Marsala";0;1;1
"dry miniature ravioli";0;1;1
"Dry Mixture";0;1;1
"dry pectin";0;1;1
"dry polenta";0;1;1
"dry roasted peanuts";0;1;1
"dry roasted sunflower seeds";0;1;1
"dry roux mix";0;1;1
"Dry Rub";0;1;1
"dry rubbed sage";0;1;1
"dry sago";0;1;1
"dry sake";0;1;1
"dry sherry";0;1;1
"dry sherry or madeira";0;1;1
"Dry Spice Mix";0;1;1
"dry split peas";0;1;1
"dry stuffing mix";0;1;1
"dry vegetable dip mix";0;1;1
"dry vegetable soup mix";0;1;1
"dry vermouth";0;1;1
"duck";1;0;0
"dulce de leche";0;1;1
"dy es";0;1;1
"dy sprinkles";0;1;1
"Edamame";0;1;1
"edible flowers";0;1;1
"edible white glitter";0;1;1
"egg";0;1;0
"Egg Beaters¬Æ Original";0;1;1
"Egg Wash";0;1;1
"Eggland'Best Egglarge";0;1;1
"Eggplant";0;1;1
"Eggs";0;1;1
"el split";0;1;1
"el split and toasted";0;1;1
"elderberries";0;1;1
"elk meat";1;0;0
"elk roast";1;0;0
"elsplit";0;1;1
"enchilada sauce";0;1;1
"English muffin split";0;1;1
"English muffins";0;1;1
"English muffinsplit";0;1;1
"English toffee bits";0;1;1
"English walnuts";0;1;1
"envelo unflavored gelatin";0;1;1
"envelounflavored gelatin";0;1;1
"envelounflavored gelatin powder";0;1;1
"envelowhipped topping mix";0;1;1
"escargots";0;1;1
"escarole";0;1;1
"espresso";0;1;1
"evaporated e juice";0;1;1
"extra spicy Bloody Mary mix";0;1;1
"extract";0;1;1
"eye of round";0;1;1
"Falafel";0;1;1
"fancy molasses";0;1;1
"farfel";0;1;1
"farina";0;1;1
"farro";0;1;1
"farro perlato";0;1;1
"farro rinsed";0;1;1
"fat drippings";0;1;1
"fat free frozen whipped topping";0;1;1
"fat free sour cream";0;1;1
"favorite barbeque sauce";0;1;1
"fennel";0;1;1
"fenugreek";0;1;1
"fenugreek seeds";0;1;1
"Feta Sauce";0;1;1
"fettuccine";0;1;1
"fig and";0;1;1
"fig preserves";0;1;1
"Fig Spread";0;1;1
"figquartered";0;1;1
"figs";0;1;1
"figstemremoved";0;1;1
"filberts";0;1;1
"file powder";0;1;1
"filet mignon";1;0;0
"filetarctic char";0;1;1
"fillet";1;0;0
"FILLING";0;1;1
"fine bulgur";0;1;1
"fine semolina";0;1;1
"firm peach";0;1;1
"First Layer";0;1;1
"fish";0;1;1
"Fish Sticks";1;0;0
"Fish Tacos";1;0;0
"flat leaf parsley";0;1;1
"flat parsley";0;1;1
"flat toothpicks";0;1;1
"flavor enhancer";0;1;1
"flax";0;1;1
"flax meal";0;1;1
"flax seed";0;1;1
"flax seed meal";0;1;1
"flax seeds";0;1;1
"flaxseed";0;1;1
"flaxseed meal";0;1;1
"fleur de sel";0;1;1
"fleur de sel to taste";0;1;1
"flour";0;1;1
"Flour for coating";0;1;1
"Flour for dusting";0;1;1
"Flour for rolling dough";0;1;1
"flowerfor garnish";0;1;1
"foie grapate";0;1;1
"For Bread";0;1;1
"For cake";0;1;1
"For Crab Cakes";0;0;0
"For Dessert Topping";0;1;1
"For Falafel";0;1;1
"For Filling";0;1;1
"For Pulique Sauce";0;1;1
"For shortcakes";0;1;1
"For Sponge";0;0;0
"For the Apple Filling";0;1;1
"For the berry sauce";0;1;1
"For the Cake";0;1;1
"For the Chicken";0;1;1
"For the Crab Cakes";0;1;1
"FOR THE CRUMBLE";0;1;1
"For the Custard";0;1;1
"For the Dough";0;1;1
"For the Filling";0;0;0
"For the Glaze";0;1;1
"FOR THE ICING";0;1;1
"For the Loaf";0;1;1
"For the meatballs";0;1;1
"For the Pastry";0;0;0
"FOR THE PIE";0;1;1
"For the Pilaf";0;1;1
"For the Ribs";0;1;1
"For the sauce";0;1;1
"For the Simple Syrup";0;1;1
"For the Soaking Syrup";0;1;1
"For the Summer Rolls";0;1;1
"For the syrup";0;1;1
"For the Topping";0;1;1
"For the white sauce";0;1;1
"For topping";0;1;1
"Frangipane";0;1;1
"frankfurters";1;0;0
"freekeh";0;1;1
"french fries";0;1;1
"French rolls";0;1;1
"French sandwich rolls";0;1;1
"French Toast";0;1;1
"French uette into slices";0;1;1
"French uette lengthwise";0;1;1
"french vanilla soy creamer";0;1;1
"French's¬Æ French Fried Onions";0;1;1
"Fresh Coconut Cake";0;1;1
"Fresh parsley torn";0;1;1
"Fresh red raspberries";0;1;1
"Freshlime";0;1;1
"Freshly nutmeg to taste";0;1;1
"Fried Cauliflower";0;1;1
"fries";0;1;1
"Fritter Dough";0;1;1
"Fritters";0;1;1
"frog legs";0;1;1
"fromage blanc";0;1;1
"frosted s'moretoaster pastries";0;1;1
"Frosting";0;1;1
"frozen acai berry pulp or adesired";0;1;1
"frozen berries";0;1;1
"frozen brussel sprouts";0;1;1
"frozen chili thawed";0;1;1
"frozen concentrated fruit punch";0;1;1
"frozen cooked meatballs";0;1;1
"frozen cooked meatballthawed";0;1;1
"frozen crowder peas";0;1;1
"frozen dinner roll dough";0;1;1
"frozen dinner rolls";0;1;1
"frozen dinner rollthawed";0;1;1
"frozen edamame";0;1;1
"frozen English peas";0;1;1
"frozen English peathawed";0;1;1
"frozen French fries";0;1;1
"frozen gnocchi";0;1;1
"frozen green peas";0;1;1
"frozen green peathawed";0;1;1
"frozen green petite peathawed";0;1;1
"frozen hash browns";0;1;1
"frozen margarita mix thawed";0;1;1
"frozen meatballs";1;0;0
"frozen miniature tart shells";0;1;1
"frozen mixed berries";0;1;1
"frozen mixed fruit";0;1;1
"frozen okra";0;1;1
"frozen okra thawed";0;1;1
"frozen okra thawed and sliced";0;1;1
"frozen or gnocchi";0;1;1
"frozen peach chunks";0;1;1
"frozen peach slices";0;1;1
"frozen peapartially thawed";0;1;1
"frozen peas";0;1;1
"frozen peathawed";0;1;1
"frozen petite peas";0;1;1
"frozen petite peathawed";0;1;1
"frozen pierogies";0;1;1
"frozen pierogiethawed";0;1;1
"frozen pot stickers";0;1;1
"frozen raspberries";0;1;1
"frozen raspberriethawed";0;0;0
"frozen shelled edamame";0;1;1
"frozen shelled edamame thawed";0;1;1
"frozen talouchunks";0;1;1
"frozen tater tots";0;1;1
"frozen whipped topping";0;1;1
"frozen whipped topping thawed";0;1;0
"frozen wontons";0;1;1
"frozenlimeade";0;1;1
"frozenlimeade concentrate";0;1;1
"frozenlimeade concentrate thawed";0;1;1
"fructose";0;1;1
"Fruit";0;1;1
"fruit cocktail";0;1;1
"fruit cocktail and fine";0;1;1
"fruit cocktail with juice";0;1;1
"fruit cocktail with syrup";0;1;1
"fruit juice";0;1;1
"Fruit Layer";0;1;1
"fruit pectin";0;1;1
"fruit preserveany flavor";0;1;1
"fruit preserves";0;1;1
"fruit punch";0;1;1
"fruit punch chilled";0;1;1
"Fruit Salad";0;1;1
"Fruit Salsa";0;1;1
"Fruit Skewers";0;1;1
"Fruit Topping";0;1;1
"fruitcake crumbs";0;1;1
"Fruited Couscous";0;1;1
"Fry Bread";0;1;1
"fudge stricookies";0;1;1
"Fugglehops";0;1;1
"fully cooked luncheon meat";0;1;1
"fusilli";0;1;1
"galangal powder";0;1;1
"Galliano";0;1;1
"Galliano¬Æ liqueur";0;1;1
"gallon clean snow";0;1;1
"gallon fruit punch";0;1;1
"gallon ice cubes";0;1;1
"gallon mayonnaise";0;1;1
"gallon raspberry sorbet";0;1;1
"gallon snow";0;1;1
"gallon vodka";0;1;1
"Ganache";0;1;1
"gandule and rinsed";0;1;1
"garam masala";0;1;1
"gari";0;1;1
"garlic";0;1;1
"Garlic Aioli";0;1;1
"GARLIC MAYONNAISE";0;1;1
"Garlic powder to taste";0;1;0
"Garlicoil";0;1;1
"GARNISH";0;1;1
"Garnish if desired";0;1;1
"Garnisheadesired";0;1;1
"Garnisheif Desired";0;1;1
"Garnishes";0;1;1
"Gay Lea Butter";0;1;1
"Gay Lea Gold Sour Cream";0;1;1
"Gay Lea Sour Cream";0;1;1
"gelatin";0;1;1
"gemelli";0;1;1
"ghee";0;1;1
"ghee melted";0;1;0
"giardiniera";0;1;1
"gin";0;1;1
"ginger";0;1;1
"ginger ale";0;1;1
"ginger ale chilled";0;1;1
"ginger juice";0;1;1
"ginger nut cookies";0;1;1
"ginger paste";0;1;1
"ginger powder";0;1;1
"ginger root";0;1;1
"ginger root and";0;1;1
"ginger root and minced";0;1;1
"ginger syrup";0;1;1
"Ginger to taste";0;1;1
"Gingered Dressing*";0;1;1
"gingerroot";0;1;1
"gingersnap cookie crumbs";0;1;1
"gingersnap cookies";0;1;1
"gingersnapcrumbled";0;1;0
"gingersnaps";0;1;1
"Glaze";0;1;1
"glazed donut";0;1;1
"glazed donut holes";0;1;1
"glazed walnuts";0;1;1
"glucose syrup";0;1;1
"glue";0;1;1
"gluten";0;1;1
"gluten free crackers";0;1;1
"glycerin";0;1;1
"Gnocchi";0;1;1
"goat meat";0;1;1
"gochugaru";0;1;1
"gochujang";1;0;0
"goji berries";0;1;1
"gold rum";0;1;1
"gold tequila";0;1;1
"golden flax seeds";0;1;1
"golden raisins";0;1;1
"golden syrup";0;1;1
"good quality vodka";0;1;1
"goose";0;1;1
"goose breast";0;1;1
"goose breasts";1;0;0
"goose up";1;0;0
"gooseberries";1;0;0
"GOYA¬Æ Coconut Milk";0;1;1
"GOYA¬Æ Ground Cumin";0;1;1
"GOYA¬Æ Hot Sauce";0;1;1
"GOYA¬Æ Lemon Juice";0;1;1
"GOYA¬Æ Minced Garlic";0;1;1
"GOYA¬Æ Salsita";0;1;1
"GOYA¬Æ Vanilla Extract";0;1;1
"grade B maple syrup";0;1;1
"gramfettuccine cooked";0;1;1
"Grand Marnier liqueur";0;1;1
"Granita";0;1;1
"granola";0;1;1
"granola or adesired";0;1;1
"grape";0;1;1
"gravy";0;1;1
"Greek Salad";0;1;1
"green chilies";0;1;1
"green chilieundrained";0;1;1
"green curry paste";0;1;1
"green curry sauce";0;1;1
"green enchilada sauce";0;1;1
"green food color";0;1;1
"green ice cube";0;1;1
"green kohlrabi";0;1;1
"green peacooked";0;1;1
"green peas";0;1;1
"green split peas";0;1;1
"green Swischard";0;1;1
"greens";0;1;1
"grenadine";0;1;1
"grenadine syrup";0;1;1
"GREY POUPON Savory Honey Mustard";0;1;1
"grilled Pacific saury";0;1;1
"grits";0;1;1
"guacamole";0;1;1
"guanciale";1;0;0
"guava nectar";0;1;1
"guava pulp";0;1;1
"guavas";0;1;1
"gum s";0;1;1
"gumbo file powder";0;1;1
"gummi worms";0;1;1
"gummy bears";0;1;1
"gummy worm dies";0;1;1
"gummy wormdy";0;1;1
"gumno black ones";0;1;1
"gums";0;1;1
"gyoza dipping sauce";0;1;1
"habanero chili";0;1;1
"Hakurei turnips";0;1;1
"halibut";0;1;1
"halibut into pieces";0;1;1
"halvefor garnish";1;0;0
"halves";0;0;0
"ham";0;1;1
"hard cider";0;1;1
"haricotvert trimmed";1;0;0
"harissa";0;1;1
"hartshorn";0;1;1
"Hawaiian Dog";0;1;1
"hazelnut liqueur";0;1;1
"hazelnutfor garnish";1;0;0
"hazelnutor pe";0;1;1
"hazelnutplus";0;1;1
"hazelnuts";0;1;1
"hazelnutskinned and";0;1;1
"hazelnuttoasted";0;1;1
"heartof palm and";0;1;1
"heartof palm and sliced";0;1;1
"heartof romaine";0;1;1
"heavy cream";0;1;1
"heavy whipping cream";0;1;1
"Heinz Tomato Ketchup";0;1;0
"Heinz Tomato Paste";0;1;0
"Heinz¬Æ Chili Sauce";0;1;1
"helix snailwithout shells";0;1;1
"hemp protein powder";0;1;1
"hemp seed hearts";0;1;1
"hemp seeds";0;1;1
"Her Ingredients";0;1;1
"herb";0;1;1
"Herman Sourdough Starter";0;1;1
"HERSHEY¬Æ'Cinnamon Chips";0;1;1
"hickory chipor chunks";0;1;1
"hickory nuts";0;1;1
"Hillshire Farm Lit'l Smokies¬Æ Smoked Sausage";0;1;1
"hoagie roll and split lengthwise";0;1;1
"hoagie rolls";0;1;1
"hoagie rollsplit lengthwise";0;1;1
"hoisin sauce";0;1;1
"hollandaise sauce mix";0;1;1
"Homemade Stevia Marshmallow Cr√®me";0;1;1
"homemade vegetable stock";0;1;1
"hominy";0;1;1
"hominy grits";0;1;1
"hominy undrained";0;1;1
"honey";0;1;1
"horseradish";0;1;1
"horseradish sauce";0;1;1
"hot Buffalo wing sauce";0;1;1
"hot chili powder";0;1;1
"hot chili sauce";0;1;1
"hot chutney";0;1;1
"hot cooked farfalle";0;1;1
"hot curry powder";0;1;1
"hot dog";0;1;1
"hot dog chili";0;1;1
"hot dog into slices";1;0;0
"hot dog rolls";0;1;1
"hot dog thick";1;0;0
"hot dogs";0;1;1
"hot fudge dessert topping";0;1;1
"hot fudge topping";1;0;0
"hot green chilies";0;1;1
"hot ketchup";0;1;1
"hot roll mix";0;1;1
"hot sauce";0;1;1
"hot sauce such aTabasco";0;1;1
"hot sauce to taste";0;1;1
"hot wing sauce";0;1;1
"huckleberries";0;1;1
"hulled barley";0;1;1
"hulled edamame";0;1;1
"hulled hemp seeds";0;1;1
"hulled sunflower seeds";0;1;1
"hummuor aneeded";0;1;1
"hummus";0;1;1
"hummuspread";0;1;1
"Hunt's¬Æ Diced Tomatoeundrained";0;1;1
"Hunt's¬Æ Tomato Paste";0;1;1
"Hunt's¬Æ Tomato Sauce";0;1;1
"ice";0;1;1
"ice adesired";0;1;1
"ice aneeded";0;0;0
"ice block";0;1;1
"ice cream";0;1;1
"ice cube";0;1;1
"ice cubeadesired";0;1;1
"ice cubeaneeded";0;1;1
"ice cubefor serving";0;1;1
"ice cubeor adesired";0;1;1
"ice cubeor aneeded";0;1;1
"ice cubes";0;1;1
"ice or adesired";0;1;1
"ice pop moulds";0;1;1
"ice pop sticks";0;1;1
"iceberg salad";0;1;1
"Icing";0;1;1
"Imagine¬Æ Organic Vegetable Broth";0;1;1
"imitation maple flavor";0;1;1
"imitation sour cream";0;1;1
"Infusedoil";0;1;1
"instant French vanilla pudding";0;1;1
"instant French vanilla pudding mix";0;1;1
"instant oatmeal";0;1;1
"instant pistachio pudding mix";0;1;1
"instant stuffing mix";0;1;1
"instant tapioca";0;1;1
"instant vanilla pudding";0;1;1
"instant vanilla pudding mix";0;1;1
"Irish cream liqueur";0;1;1
"Irish Mist liqueur";0;1;1
"Irish moss";0;1;1
"Irish Stew";0;1;1
"Irish whiskey";0;1;1
"Israeli couscous";1;0;0
"Italian flat leaf parsley";0;1;1
"Italian leaf parsley";0;1;1
"Italian meatballs";0;1;1
"Italian parsley";0;1;1
"Italian prune plums";1;0;0
"Italian vermicelli";0;1;1
"Ivanhoe Old Cheddar";0;1;1
"jackfruit";0;1;1
"jaggery";0;1;1
"jalapeno";0;1;1
"jalapeno *";0;1;1
"jalapeno chili";0;1;1
"jalapeno seeded and";0;1;1
"jalapeno stemmed and quartered";0;1;1
"jalapenos";0;1;1
"jam";0;1;1
"Jamai rum";0;1;1
"Japanese mayonnaise";0;1;1
"Japanese plum liqueur";0;1;1
"Japanese wasabi powder";0;1;1
"jeera";0;1;1
"jelly";0;1;1
"jerk paste";0;1;1
"jerk sauce";0;1;1
"jicama";0;1;1
"jicama and";0;1;1
"jicama and into thin strips";0;1;1
"jicama and minced";0;1;1
"jicama into matchsticks";0;1;1
"jicama into spirals";0;1;1
"Jif¬Æ Creamy Peanut Butter";0;1;1
"jigger Blue Curacao";0;1;1
"jigger bourbon";0;1;1
"jigger bourbon whiskey";0;1;1
"jigger brandy";0;1;1
"jigger Campari";0;1;1
"jigger Cointreau";0;1;1
"jigger creme de cassiliqueur";0;1;1
"jigger creme de menthe";0;1;1
"jigger dry gin";0;1;1
"jigger gin";0;1;1
"jigger grenadine syrup";0;1;1
"jigger Irish cream liqueur";0;1;1
"jigger Irish whiskey";0;1;1
"jigger light rum";0;1;1
"jigger lime";0;1;1
"jigger limoncello";0;1;1
"jigger molasserum";0;1;1
"jigger peach schnapps";0;1;1
"jigger Puerto Ri rum";0;1;1
"jigger raspberry syrup";0;1;1
"jigger rum";0;1;1
"jigger silver tequila";0;1;1
"jigger Tennessee whiskey";0;1;1
"jigger tequila";0;1;1
"jigger triple sec";0;1;1
"jigger triple sec liqueur";0;1;1
"jigger vanilla vodka";0;1;1
"jigger vodka";0;1;1
"jigger whiskey";0;1;1
"jigger whiskey optional";0;1;1
"jiggercitron vodka";0;1;1
"jiggerdark rum";0;1;1
"jiggergin";0;1;1
"jiggerIrish whiskey";0;1;1
"jiggerlime";0;1;1
"jiggerly squeezedlime";0;1;1
"jiggerpremium tequila";0;1;1
"jiggerrum";0;1;1
"jiggertequila";0;1;1
"jiggertequila plata";0;1;1
"jiggertriple sec";0;1;1
"jiggervanilla vodka";0;1;1
"jiggervodka";0;1;1
"jiggerwhiskey";0;1;1
"jiggerwhite rum";0;1;1
"juice from onelime";0;1;1
"Juice of lime";0;1;1
"Juice of mediumlime";0;1;1
"julienned ginger";0;1;1
"juniper berries";0;1;1
"kabocha";0;1;1
"kaffirlime leaves";0;1;1
"kaffirlime leavetorn";0;1;1
"Kaiser roll";0;1;1
"kaiser rolls";0;1;1
"Kaiser rollsplit";0;1;1
"kaiser rollsplit and toasted";0;1;1
"kala jeera";0;1;1
"Kalbi marinade";0;1;1
"kale";0;1;1
"kangaroo meat";0;1;1
"Karo¬Æ Lite Syrup";0;1;1
"kasha";1;0;0
"Kashmiri garam masala";0;1;1
"Kashmiri red chili powder";0;1;1
"kecap manis";0;1;1
"kefir";0;1;1
"kelp powder";0;1;1
"Kentucky bourbon";0;1;1
"ketchup";0;1;1
"ketchup or aneeded";0;1;1
"keylime";0;1;1
"keylimezested and juiced";0;1;1
"kielbasa";0;1;1
"kielbasa into pieces";0;1;1
"Kikkoman Hoisin Sauce";0;1;1
"Kikkoman LesSodium Soy Sauce";0;1;1
"Kikkoman Panko Bread Crumbs";0;1;1
"Kikkoman Soy Sauce";0;1;1
"Kikkoman Soy Sauce*";0;1;1
"kimchi";0;1;1
"kimchi and";0;1;1
"King Arthur Almond Flour";0;1;1
"kirsch";0;1;1
"kirsch liqueur";0;1;1
"Kitchen Bouquet";0;1;1
"kiwi";0;1;1
"kochujang";0;1;1
"Koeksisters";0;1;1
"kohlrabi";0;1;1
"kohlrabi bulb and";0;1;1
"kohlrabi bulbs";0;1;1
"Korean barbeque sauce";0;1;1
"Korean soju";0;0;0
"korma curry powder";0;1;1
"koshi an";0;1;1
"KRAFT Big Slice SwisCheese Slices";0;1;1
"KRAFT Caramels";0;1;1
"KRAFT Cocktail Sauce";0;1;1
"KRAFT Creamy Caesar Dressing";0;1;0
"KRAFT Finely Shredded Triple Cheddar Cheese";0;1;1
"KRAFT Grated Parmesan Cheese";0;1;1
"KRAFT Shredded Cheddar Cheese";0;1;1
"KRAFT Zesty Italian Dressing";0;1;1
"Kraft¬Æ Grated Parmesan Cheese";0;1;1
"kraut juice";0;1;1
"kummelweck dinner rollsplit";0;1;1
"kumquats";0;1;1
"LACTAID¬Æ Whole Milk";0;1;1
"ladyfinger cookies";0;1;1
"ladyfingerlightly toasted";0;1;1
"ladyfingers";0;1;1
"lamb";0;1;1
"Lamb Korma";0;1;1
"LAND O LAKES¬Æ Butter";1;0;0
"LAND O LAKES¬Æ Eggs";1;0;0
"lard";0;1;1
"lard chilled and into small pieces";0;1;1
"lard for frying";0;1;1
"lard melted";0;1;1
"lard or other cooking fat";0;1;1
"large brinjal";0;1;1
"large carrot";0;1;1
"large carrot and";0;1;1
"large carrot and sliced";0;1;1
"large carrot in thirds";0;1;1
"large carrot into pieces";0;1;1
"large carrot julienned";0;1;1
"large carrot quartered";0;1;1
"large carrot roughly";0;1;1
"large cooler";0;1;1
"large freestone peach into slices";0;1;1
"large French rollsplit";0;1;1
"large ice cubes";0;1;1
"large jalapeno into spirals";0;1;1
"large jicama";0;1;1
"large jicama and";0;1;1
"large leek";0;1;1
"large leeks";0;1;1
"large marshmallows";0;1;1
"Large Meatballs";0;1;1
"large nectarine into cubes";0;1;0
"large papaya";0;1;1
"large peach";0;1;1
"large peach pitted and";0;1;1
"large pesaffron";0;1;1
"large pesaffron threads";0;1;1
"large pitas";0;1;1
"large roll of red fruit leather";0;1;1
"large scallionwith green tops";0;1;1
"large shallot";0;1;1
"large shallot and lengthwise";0;1;1
"large shallot and quartered";0;1;1
"large shallot and sliced";0;1;1
"large shallots";0;1;1
"large squid cleaned and tentacleremoved";0;1;1
"large turnip and";0;1;1
"large turnip into cubes";0;1;1
"largelime";0;0;0
"Lasagna";0;1;1
"Latkes";0;1;1
"lavender";0;1;1
"lavender flowers";0;1;1
"Lawry's¬Æ Seasoned Salt";0;1;1
"leaf sage";0;1;1
"lean meat";0;1;1
"lean sirloin";0;1;1
"lean veal";0;1;1
"lean veal chops";0;1;1
"lean venison";0;1;1
"leave curry";1;0;0
"leave curry leaves";1;0;0
"leave Italian parsley";0;1;1
"leave sage";0;1;1
"leaveSwischard";0;1;1
"leaveti leaves";0;1;1
"lecithin";0;1;1
"leek";0;1;1
"leek bulb only";0;1;1
"leek lengthwise";0;1;1
"leek trimmed and";0;1;1
"leek washed and";0;1;1
"leekbulb only";0;1;1
"leekcleaned and";0;1;1
"leeks";0;1;1
"leektrimmed and";0;1;1
"leekwhite part only";0;1;1
"leekwhite part only into pieces";0;1;1
"leftover gravy";0;1;1
"leftover stuffing";0;1;1
"lemon";0;1;1
"Lemon andlime wedges";0;1;1
"Lemon Butter Sauce";0;1;1
"Lemon Cream Sauce";0;1;1
"Lemon Dressing";0;1;1
"Lemon Filling";0;1;0
"Lemon Glaze";0;1;1
"Lemon Layer";0;1;1
"Lemon Vinaigrette";0;1;1
"Lemon Wedge";0;1;1
"Lemonade";0;1;1
"Lemons";0;1;1
"lentil";0;1;1
"lettuce";0;1;1
"Lettuce leaves";0;1;1
"Libby's¬Æ Sweet PeaVegetable Cups";0;1;1
"light cream";0;1;1
"light dairy sour cream";0;1;1
"light margarine";0;1;1
"light mayonnaise";0;1;0
"light molasses";0;1;1
"light rum";0;1;1
"light sour cream";0;1;0
"light whipping cream";0;1;1
"lightly ed";0;1;1
"lightly ice";0;1;1
"lightly packed parsley leaves";0;1;1
"lime";0;1;1
"lime into rounds";0;1;1
"lime into segments";0;1;1
"lime into wedges";0;1;1
"lime juiced";0;1;1
"lime leaves";0;1;1
"lime peel";0;1;1
"lime quartered";0;1;1
"lime slice";0;1;1
"lime slicefor garnish";0;1;1
"lime slices";0;1;1
"lime sorbet";0;1;1
"Lime Sour Cream";0;1;1
"Lime Squeeze";0;1;1
"lime twist";0;1;1
"lime wedge";0;1;1
"lime wedge for garnish";0;1;1
"lime wedgefor garnish";0;1;1
"lime wedges";0;1;1
"lime wheel";0;1;1
"lime zested";0;1;1
"limeade concentrate thawed";0;1;1
"limeor adesired";0;1;1
"limequartered";0;1;1
"limerind removed";0;1;1
"limezested";0;1;1
"limezested and juiced";0;1;1
"limoncello liqueur";0;1;1
"lingonberries";0;1;1
"linguine";0;1;1
"linkchorizo de bilbao";0;1;1
"linklop chong";0;1;1
"liquid amino acid";0;1;1
"liquid amino acids";0;1;1
"liquid aminos";0;1;1
"liquid fruit pectin";0;1;1
"liquid lecithin";0;1;1
"liquid nigari";0;1;1
"liquid pectin";0;1;1
"liquid rennet";0;1;1
"liquid smoke";0;1;1
"Liquid smoke to taste";0;1;1
"liquid stevia";0;1;1
"lite frozen whipped topping";0;1;1
"lite peach sliceand";0;1;1
"lite sour cream";0;1;1
"liter club soda";0;1;1
"liter ginger ale";0;1;1
"liter ginger ale soda";0;1;1
"liter vodka";0;1;1
"literclub soda";0;1;1
"literfruit punch";0;1;1
"literginger ale";0;1;1
"literginger ale soda";0;1;1
"literlime soda";0;1;1
"litervodka";0;1;1
"little wieners";0;1;1
"littleneck clams";0;1;1
"liver pate";0;1;1
"Loaf";0;1;1
"loaf French uette";0;1;1
"loaf French uette into slices";0;1;1
"loaf frozen cake thawed and";0;1;1
"loaf uette";0;0;0
"lobster";0;1;1
"lobster meat";0;1;1
"lobster split";0;1;1
"lobster stock";1;0;0
"lobster tail";0;1;1
"lobster tail cleaned and";0;1;1
"lobster tailcleaned and but still in shell";0;1;1
"lobster tails";1;0;0
"lobsters";0;1;1
"log chevre";0;1;1
"lollipop sticks";1;0;0
"London broil";0;1;1
"London broil into thirds";0;1;1
"long sandwich roll lengthwise";0;1;1
"loquat preserves";0;1;1
"Louisiana style hot sauce";0;1;1
"low fat granola";0;1;1
"low fat margarine";0;1;1
"low fat mayonnaise";0;1;1
"low fat sour cream";0;1;1
"lowfat margarine";0;1;1
"lumpia wrappers";0;1;1
"ly";0;1;1
"ly ginger";0;1;1
"ly gingerroot";0;1;1
"ly lime";0;1;1
"ly nutmeg";0;1;1
"ly nutmeg to taste";0;1;1
"ly Parmesan";0;1;1
"ly parsley";0;1;1
"ly raw horseradish";0;1;1
"ly squeezed Keylime";0;1;1
"ly squeezedlime";0;1;1
"ly squeezedlime pulp";0;1;1
"lychee for garnish";0;1;1
"lychee juice";0;1;1
"lychee syrup";0;1;1
"lycheeand rinsed";0;1;1
"lycheeand syrup reserved";0;1;1
"lychees";0;1;1
"maca powder";0;1;1
"macadamia nutor adesired";0;1;1
"macadamia nuts";0;1;1
"macapuno";0;1;1
"macaroni";0;1;1
"Macarons";0;1;1
"mace";0;1;1
"mackerel";0;1;1
"Madracurry powder";0;1;1
"mahi mahi";0;1;1
"mai tai cocktail mix";1;0;0
"maifun";0;1;1
"Maille¬Æ Dijon Originale Mustard";0;1;1
"Maille¬Æ Old Style Mustard";0;1;1
"Maja Blanca";0;1;1
"mango";0;1;1
"Mango Mojito";0;1;1
"Mango Pepper Salsa";0;1;1
"Mango Salsa";0;1;1
"manicotti shells";0;1;1
"manicotti shelluncooked";0;1;1
"maple flavored syrup";0;1;1
"Maple Liqueur";0;1;1
"maple syrup";0;1;1
"maraschino liqueur";0;1;1
"marble crullers";0;1;1
"margarine";0;1;1
"margarine melted";0;1;1
"margarine or aneeded";0;1;1
"margarita mix";0;1;1
"Marinade";0;1;0
"Marinade & Sauce";0;1;1
"marinade injector";0;1;1
"Marinara Sauce";0;1;1
"Marinara sauce warmed";0;1;1
"marionberries";0;1;1
"marjoram";0;1;1
"Market Pantry‚Ñ¢ mayonnaise";0;1;1
"Market Pantry‚Ñ¢ sour cream";0;1;1
"marshmallow";0;1;1
"marshmallow cream";0;1;1
"marshmallow creme";0;1;1
"marshmallow fluff";0;1;1
"marshmallow ghosts";0;1;1
"marshmallowquartered";0;1;0
"marshmallows";0;1;1
"marzipan";0;1;1
"masa";0;1;1
"masa harina";0;1;1
"Masala curry powder";0;1;1
"Mashed Potatoes";0;1;1
"Matcha Syrup";0;1;1
"Matzo Balls";0;1;1
"matzo cake meal";0;1;1
"matzo crackers";0;1;1
"matzo farfel";0;1;1
"matzo meal";0;1;1
"matzo sheets";0;1;1
"mayonnaise";0;1;1
"mayonnaise or aneeded";0;1;1
"mayonnaise plus";0;1;1
"Mazola¬Æ Cornoil";0;1;1
"Mazola¬Æ Extra Virgin Oliveoil";0;1;1
"Mazola¬Æ Vegetable Plus!oil";0;1;1
"McCormick¬Æ Black Pepper Ground";0;1;1
"McCormick¬Æ Cumin Ground";0;1;1
"McCormick¬Æ Ground Nutmeg";0;1;1
"McCormick¬Æ Nutmeg Ground";0;1;1
"McCormick¬Æ Sage Rubbed";0;1;1
"Meat";0;1;1
"Meat loaves";0;1;1
"meat tenderizer";0;1;1
"MEATBALLS";1;0;0
"Meatloaf";0;1;1
"Meatloaf Ingredients";0;1;1
"meatloaf mix";1;0;0
"medium carrot";1;0;0
"medium carrot and";1;0;0
"medium carrot and julienned";1;0;0
"medium carrot and sliced";0;1;1
"medium carrot julienned";0;1;1
"medium carrot thin";0;1;1
"medium curry powder";0;1;1
"medium green gums";0;1;1
"medium leek";0;1;1
"medium leek lengthwise";0;1;1
"medium leeks";0;1;1
"medium shallot";0;1;1
"medium shallot minced";0;1;1
"medium shallots";0;1;1
"medium turnip and";0;1;1
"mediumlime";0;1;1
"mediumlime quartered";0;1;1
"mellow white miso";0;1;1
"melon";0;1;1
"Melt¬Æ Organic Buttery Spread";0;1;1
"melted margarine";0;1;1
"mesquite sauce";0;1;1
"metal skewers";0;1;1
"Mexi bolillo rolls";0;1;1
"Mexi Cheese Blend prepared";0;1;1
"Mexi crema";0;1;1
"Mexi Maria cookies";0;1;1
"Mexi oregano";0;1;1
"mezcal";0;1;1
"Michelada";0;1;1
"mild chili powder";0;1;1
"mild curry paste";0;1;1
"mild curry powder";0;1;1
"mild enchilada sauce";0;1;1
"mild green chilies";0;1;1
"mild green chilieundrained";0;1;1
"mild Indian curry paste";0;1;1
"mild miso paste";0;1;1
"mild pite sauce";0;1;1
"milk";0;1;1
"milled flax seed";0;1;1
"milled flax seeds";0;1;1
"millet";0;1;0
"minced carrot";0;1;1
"minced clams";0;1;1
"minced clamwith juice";0;1;1
"minced clamwith juice reserved";0;1;1
"minced dandelion greens";1;0;0
"minced dill";1;0;0
"minced dill weed";0;1;1
"minced galangal";0;1;1
"minced ginger";0;1;1
"minced ginger root";0;1;1
"minced green chilies";0;1;1
"minced Italian parsley";0;1;1
"minced or carrot";0;1;1
"minced oregano";0;1;1
"minced parsley";0;1;1
"minced parsley leaves";0;1;1
"minced pimento";0;1;1
"minced pine nuts";0;1;1
"minced prosciutto";0;1;1
"minced sage";0;1;1
"minced scallions";0;1;1
"minced shallot";0;1;1
"minced shallots";0;1;1
"minced tarragon";0;1;1
"minestrone soup";0;1;1
"mini elsplit";0;1;1
"mini marshmallows";0;1;1
"mini mozzarella balls";0;1;1
"mini paper baking s";0;1;1
"mini phyllo tart shells";0;1;1
"mini sandwich rolls";0;1;1
"mini vanilla wafer cookies";0;1;1
"mini wonton wrappers";0;1;1
"miniature marshmallows";0;1;1
"miniature s'moremuffins";0;1;1
"mint";0;1;1
"Mint leavefor garnish";0;1;1
"MINUTE Tapioca";0;1;1
"Minute¬Æ Brown Rice uncooked";0;1;1
"MIRACLE WHIP Original Spread";0;1;1
"Mirepoix";0;1;1
"mirin";0;1;1
"mirlitons";0;1;1
"miso";0;1;1
"miso paste";0;0;0
"mixed baby greens";0;1;1
"mixed baby salad greens";0;1;1
"mixed berrieand fruit";0;1;1
"mixed berries";0;1;1
"mixed berry fruit juice";0;1;1
"mixed frozen berries";0;1;1
"mixed frozen fruit";0;1;1
"mixed greens";0;1;1
"mixed nuts";0;1;1
"mixed roasted nuts";0;1;1
"mixed salad greens";0;1;1
"Mixture";0;1;1
"mochiko";0;1;1
"Mojo Sauce";0;1;1
"molasses";0;1;1
"monosodium glutamate";0;0;0
"moose";0;1;1
"moose roast";0;1;1
"Morton¬Æ Coarse Sea Salt";0;1;1
"Morton¬Æ Kosher Salt";0;1;1
"mostaccioli";0;1;1
"Mott'Natural Applesauce";0;1;1
"Mott's¬Æ Fruit Punch Rush";0;1;1
"Mott's¬Æ Original Applesauce";0;1;1
"mozzarella";0;1;1
"mozzarella into pieces";0;1;1
"Muffin";0;1;1
"Muffin Batter";0;1;1
"Muffins";0;1;1
"mulberries";0;1;1
"mushroom";0;1;1
"Mushrooms";0;1;1
"musselcleaned and debearded";0;1;1
"mussels";0;1;1
"musselscrubbed and debearded";0;1;1
"mustard";0;1;1
"Nam Prik Pao";1;0;0
"Nama Shoyu";0;0;0
"nectarine";0;1;1
"nectarine pitted and";0;1;1
"nectarinepitted and";0;1;1
"nectarines";0;1;1
"ned chili";0;1;1
"ned chili starter";0;0;0
"ned fig juice reserved";0;1;1
"ned green peas";0;1;1
"ned peach halves";0;1;1
"ned peach syrup";0;1;1
"ned peas";0;1;1
"ned sloppy joe sauce";0;1;1
"ned table cream";0;1;1
"nettles";0;1;1
"NILLA Wafer broken";0;1;1
"NILLA Wafers";0;1;1
"noli shells";0;1;1
"nonfat mayonnaise";0;1;1
"nonfat oil";0;1;1
"nonfat sour cream";0;1;1
"nonpareils";0;1;1
"nonstick oil";0;1;1
"noodle";0;1;1
"Noodle Salad";0;1;1
"noodles";0;1;1
"nopales";0;1;1
"nopalitocactus";0;1;1
"nori fumi furikake";0;1;1
"nuoc mam";0;1;1
"nutmeg";0;1;1
"Nutmeg Cake";0;1;1
"nutmeg or amount to taste";0;1;1
"nutmeg seed";0;1;1
"nutmeg to taste";0;1;1
"nuts";0;1;1
"Oat Bars";0;1;1
"oat bran";0;1;1
"Oat Crumble";0;1;1
"oatmeal";0;1;1
"oatmeal cookies";0;1;1
"Oatmeal Crust";0;1;1
"oatmeal quick cooking";0;1;1
"oats";0;1;1
"Octoberfest Beer";0;1;1
"octopus";0;1;1
"of ice cubes";0;1;1
"oil";0;1;1
"oil from ned anchovies";1;0;0
"oil or aneeded";0;1;1
"oil peanut or sesame";0;1;1
"okra";0;1;1
"okra in pieces";0;1;1
"okra into slices";0;1;1
"okra pod thick";0;1;1
"okra poddiagonally";0;1;1
"ola oil";0;1;1
"Old El Paso¬Æ Salsa";0;1;1
"old fashioned grits";0;1;1
"olive";0;1;1
"onion";0;1;1
"Optional";0;1;1
"Optional garnish";0;1;1
"Optional Topping";0;1;1
"Optional Toppings";0;1;1
"or amber ale";0;1;1
"or brown ale or aneeded";0;1;1
"or chili sauce";0;1;1
"or clear malt liquor";0;1;1
"or club soda";0;1;1
"or cream soda";0;1;1
"or frozen peas";0;1;1
"or frozen raspberries";0;1;1
"or ginger ale";0;1;1
"or guava nectar";0;1;1
"or Mountain Dew ‚Ñ¢";0;1;1
"or premium lager";0;1;1
"or sliced fruit";0;1;1
"or sunflower meal";0;1;1
"orange";0;1;1
"Orange Juice";0;1;1
"Orange Vinaigrette";0;1;1
"Orange Wedge";0;1;1
"oregano";0;1;1
"oregano for garnish";0;1;1
"oregano leaves";0;1;1
"oregano plus";0;1;1
"oregano to taste";0;1;1
"OREO Cookies";0;1;1
"OREO Pie Crust";0;1;1
"Original Bisquick¬Æ mix";0;1;1
"Original or Sesame Snack Factory¬Æ Pretzel Crisps¬Æ";0;1;1
"Original Snack Factory¬Æ Pretzel Crisps¬Æ";0;1;1
"orzo";0;1;1
"ouzo";0;1;1
"oyster crackers";0;1;1
"oyster flavored sauce";0;1;1
"oyster sauce";0;1;1
"oysterin shells";1;0;0
"oysterliquid reserved";0;1;1
"oysters";1;0;0
"oysterwith liquid";0;1;1
"p";0;1;1
"p asafoetida powder";0;1;1
"p caraway seeds";0;1;1
"p chili powder";0;1;1
"p coriander";0;1;1
"p coriander seed";0;1;1
"p cream of tartar";0;1;1
"p curry powder";0;1;1
"p dill";0;1;1
"p fenugreek seeds";0;1;1
"p garam masala";0;1;1
"p ginger";0;1;1
"p hot chili powder";0;1;1
"p ly nutmeg";0;1;1
"p mace";0;1;1
"p monosodium glutamate";0;1;1
"p nutmeg";0;1;1
"p P of nutmeg";0;1;1
"p powdered saffron";0;1;1
"p rubbed sage";0;1;1
"p saffron";0;1;1
"p saffron powder";0;1;1
"p saffron threads";0;1;1
"p savory";0;1;1
"p stevia powder";0;1;1
"p sumac";0;1;1
"p turmeric";0;1;1
"p turmeric powder";0;1;1
"packed flat leaf parsley";0;1;1
"packed Italian parsley";0;1;1
"packet brown gravy mix";0;1;1
"packet curry sauce mix";0;1;1
"packet dry au jumix";0;1;1
"packet dry Bearnaise sauce mix";0;1;1
"packet dry brown gravy mix";0;1;1
"packet dry leek soup mix";0;1;1
"packet dry vegetable soup mix";0;1;1
"packet saffron threads";0;1;1
"packet stevia";0;1;1
"packet stevia powder";0;1;1
"packet vanilla protein powder";0;1;1
"packetstevia";0;1;1
"packetstevia powder";0;1;1
"packetSwanson¬Æ Flavor Boost‚Ñ¢ Concentrated Beef Broth";0;1;1
"pad Thai sauce";0;1;1
"Paella";0;1;1
"pale ale";0;1;1
"pale dry sherry";0;1;1
"palm seeds";0;1;1
"PAM¬Æ Baking oil";0;1;1
"pan drippings";0;1;1
"Panang curry paste";0;1;1
"pancake syrup or aneeded";0;1;1
"Pancakes";0;1;1
"pancakewaffle mix";0;1;1
"pancetta";0;1;1
"pandan leaf";0;1;1
"pandan leaves";0;1;1
"pandan paste";1;0;0
"paneer";0;1;1
"panettone";0;1;1
"panko";0;1;1
"Panko Breading";0;1;1
"papaya";0;1;1
"papaya seeds";0;1;1
"paper cake linerin different colors";0;1;1
"paper muffin liners";0;1;1
"paprika";0;1;1
"Paprika for sprinkling";0;1;1
"Paprika if desired";0;1;1
"parchment paper";0;1;1
"pareve margarine";0;1;1
"pareve margarine melted";0;1;1
"parsley";0;1;1
"parsley flakes";0;1;1
"parsley for garnish";0;1;1
"parsley leaves";0;1;1
"parsley paste";0;1;1
"parsley sprigs";0;1;1
"parsley stemremoved";0;1;1
"parsnip";0;1;1
"passion fruit juice";0;1;1
"pasta";0;1;1
"Pasta Salad";0;1;1
"Paste";0;1;1
"PASTRY";0;1;1
"Pastry Dough";0;1;1
"Pastry Shell";0;1;1
"Pate";0;1;1
"Pate Spice";0;1;1
"patis";0;1;1
"Patties";0;1;1
"pawpaw pulp";0;1;1
"pe";0;1;1
"pea or frozen";0;1;1
"pea shoots";1;1;1
"pea shoottrimmed";0;1;1
"pea vines";0;1;1
"peach";0;1;1
"peach and";0;1;1
"peach and sliced";0;1;1
"peach brandy";0;1;1
"peach chutney";0;1;1
"Peach Filling";0;1;1
"peach flavor gelatin mix";0;1;1
"peach flavored vodka";0;1;1
"peach gelatin";0;1;1
"peach glaze";0;1;1
"peach halves";0;1;1
"peach juice";0;1;1
"peach nectar";0;1;1
"peach pie filling";0;1;1
"peach pitted and";0;1;1
"peach pitted and sliced";0;1;1
"peach preserves";0;1;1
"peach schnapps";0;1;1
"peach slice";0;1;1
"peach sliceliquid reserved";0;1;1
"peach slices";0;1;1
"peaches";0;1;1
"peanut brittle";0;1;1
"peanut sauce";0;1;1
"peanuts";0;1;1
"peaor frozen peathawed";0;1;1
"pear";0;1;1
"pearinsed";0;1;1
"peas";0;1;1
"peashelled";0;1;1
"peaundrained";0;1;1
"peawith liquid";0;1;1
"pechili powder";0;1;1
"peel of lime";0;1;1
"pemonosodium glutamate";0;1;1
"pepitas";0;1;1
"pepper";0;1;1
"Pepper to taste";0;1;1
"Pepperidge Farm¬Æ Herb Seasoned Stuffing";0;1;1
"Perle hops";0;1;1
"Pernod";0;1;1
"persimmon";0;1;1
"persimmon pulp";0;1;1
"persimmon skin sliced";0;1;1
"persimmons";0;1;1
"pes";0;1;1
"Pesto";0;1;1
"pesto sauce";0;1;1
"petite green peas";0;1;1
"pheasant breast";0;1;1
"pheasant meat";0;1;1
"phyllo dough";0;1;1
"phyllo dough thawed";0;1;1
"pickle";1;0;0
"Pickles";0;1;1
"picklinglime";0;1;1
"Pico de Gallo";0;1;1
"Pie";0;1;1
"Pie Crust";0;1;1
"Pie Dough";0;1;1
"Pie Filling";0;1;1
"pie shell";0;1;1
"piece galangal";0;1;1
"piece ginger";0;1;1
"piece ginger and";0;1;1
"piece ginger and minced";0;1;1
"piece ginger and roughly";0;1;1
"piece ginger into thin strips";0;1;1
"piece ginger into thirds";0;1;1
"piece ginger root";0;1;1
"piece ginger root and";0;1;1
"piece ginger root and minced";0;1;1
"piece ginger root and sliced";0;1;1
"piece ginger root into strips";0;1;1
"piece ginger thickly and";0;1;1
"piece kombu";0;1;1
"piece minced ginger root";0;1;1
"piecebrioche";0;1;1
"pieceginseng root";0;1;1
"piecekelp";0;1;1
"piecelarge ginger";0;1;1
"piecemace";0;1;1
"piecemistika";0;1;1
"pieces";0;1;1
"piecetoasted";0;1;1
"pig feet split";0;1;1
"pig'ears";0;1;1
"pig'feet";0;1;1
"pigeon peaand rinsed";0;1;1
"pigeon peas";1;0;0
"Pillsbury BEST¬Æ All Purpose Flour";0;1;1
"pimento";1;0;0
"pimentos";0;1;1
"pimientos";0;1;1
"Pimm'No. ‚Ñ¢";0;1;1
"pina colada mix";0;1;1
"pine nuts";0;1;1
"pine nuttoasted";0;1;1
"pinenuts";0;1;1
"pink sprinkles";0;1;1
"piping gel";0;1;1
"pisco";0;1;1
"pisco or brandy";0;1;1
"pistachio nuts";0;1;1
"pistachios";0;1;1
"pit master fat";0;1;1
"pita pockets";0;1;1
"pita rounds";0;1;1
"pitas";0;1;1
"pite sauce";0;1;1
"pitted and sliced plums";0;1;1
"pitted plums";0;1;1
"pitted prunes";0;1;1
"Pizza";0;1;1
"PIZZA DOUGH";0;1;1
"pizza sauce";0;1;1
"pizza sauce prepared";0;1;1
"plain couscous";0;1;1
"plain croutons";0;1;1
"plain el split";0;1;1
"plain els";0;1;1
"plain gelatin";0;1;1
"plain kefir";0;1;1
"plain or seasoned hummus";0;1;1
"plantain";0;1;1
"PLANTERChopped toasted";0;1;1
"PLANTERCreamy Peanut Butter";0;1;1
"PLANTERPe";0;1;1
"PLANTERPieces";0;1;1
"plastic face mask";0;1;1
"plastic insects";0;1;1
"plum";0;1;1
"plum baby food";0;1;1
"plum sauce";0;1;1
"plumpitted and";0;1;1
"plumpitted and quartered";0;1;1
"plums";0;1;1
"pluot and pitted";0;1;1
"Poaching Sauce";0;1;1
"poblano chilies";0;1;1
"pod jackfruit";0;1;1
"pod okra";0;1;1
"poddurian seeded and";0;1;1
"podgreen tamarind";0;1;1
"podjackfruit seeded";0;1;1
"podokra";0;1;1
"podokra in pieces";0;1;1
"podsnow peablanched";0;1;1
"polenta";0;1;1
"Polish kielbasa";0;1;1
"Polskie Ogorki";0;1;1
"pomegranate juice";0;1;1
"pomegranate molasses";0;1;1
"pomegranate seedonly";0;1;1
"pomegranate seeds";0;1;1
"pomegranates";0;1;1
"popping sorghum";0;1;1
"poppy seed filling or aneeded";0;1;1
"poppy seedfor sprinkling";0;1;1
"poppy seeds";0;1;1
"poppyseed filling";0;1;1
"popsicle sticks";0;1;1
"pork";0;1;1
"Pork Chops";0;1;1
"Pork Sauce";0;1;1
"port";0;1;1
"pot roast";1;0;0
"potato";0;1;1
"Potato Bites";0;1;1
"Potato Filling";0;1;1
"Potato Puffs";0;1;1
"Potatoes";0;1;1
"Potpourri";0;1;1
"pouch liquid pectin";0;1;1
"poucheliquid pectin";0;1;1
"powdered fruit pectin";0;1;1
"powdered gelatin";0;1;1
"powdered pectin";0;1;1
"powdered protein supplement";0;1;1
"powdered saffron";0;1;1
"Prague powder number";0;1;1
"praline liqueur";0;1;1
"prawn";0;1;1
"premier white morsels";0;1;1
"premium bourbon";0;1;1
"premium tequila";0;1;1
"prepared Alfredo sauce";1;0;0
"prepared BBQ sauce";0;1;1
"prepared cake";0;1;1
"prepared cake into cubes";0;1;1
"prepared cakes";0;1;1
"prepared chili";0;1;1
"prepared coleslaw";0;1;1
"prepared frozen edamame";0;1;1
"prepared hollandaise sauce";0;1;1
"prepared horseradish";0;1;1
"prepared hummus";0;1;1
"prepared kumquats";0;1;1
"prepared margarita mix";0;1;1
"prepared marinara sauce";0;1;1
"prepared mincemeat pie filling";0;1;1
"prepared pesto";0;1;1
"prepared pesto sauce";0;1;1
"prepared pico de gallo";0;1;1
"prepared pie pastries";0;1;1
"prepared pizza dough";0;1;1
"prepared pizza sauce";0;1;1
"prepared stuffing";0;1;1
"prepared tartar sauce";0;1;1
"prepared Thai peanut sauce";0;1;1
"prepared vanilla frosting";0;1;1
"prepared vanilla pudding";0;1;1
"prepared wasabi";0;1;1
"prepared white frosting";0;1;1
"prepared white sauce";0;1;1
"preserved ginger";0;1;1
"pretzel";0;1;1
"Pretzel Crust";0;1;1
"prime rib roast";0;1;1
"Progresso¬Æ Black Beanrinsed";0;1;1
"proof bourbon whiskey";0;1;1
"proof grain alcohol";0;1;1
"proof rum";1;0;0
"prosciutto";0;1;1
"prosciutto cotto";0;1;1
"prosciutto into stripper piece";0;1;1
"Prosecco";0;1;1
"protein powder";1;0;0
"Prune Filling";0;1;1
"prune juice";0;1;1
"prunecooked and";0;1;1
"prunepitted and";0;1;1
"prunepitted prunes";0;1;1
"prunes";0;1;1
"psyllium husks";0;1;1
"Pudding";0;1;1
"PUFF";0;1;1
"puffed amaranth";0;1;1
"Pulled Pork";0;1;1
"pumpkin";0;1;1
"pure maple syrup";0;1;1
"pure vanilla";0;1;1
"Pure Wesson¬Æ Canolaoil";0;1;1
"Pure Wesson¬Æ Vegetableoil";0;1;1
"pureed liver baby food";0;1;1
"pureed persimmons";0;1;1
"pureed prunebaby food";0;1;1
"pureed prunes";0;1;1
"quail";0;1;1
"quail dressed";0;1;1
"Quaker¬Æ Oats";0;1;1
"Quaker¬Æ Quick Cook Steel Cut Oats";0;1;1
"quark";0;1;1
"quart bourbon";0;1;1
"quart ice";0;1;1
"quart mason";0;1;1
"quart mayonnaise";0;1;1
"quart peach nectar";0;1;1
"quart raspberries";0;1;1
"quart sauerkraut";0;1;1
"quart shucked oysters";0;1;1
"quart vegetable stock";0;0;0
"quart vodka";0;1;1
"quartclam juice";0;1;1
"quartclean snow";1;0;0
"quartginger ale";0;1;1
"quartice cubes";0;1;1
"quartwhipping cream";0;1;1
"queso asadero";0;1;1
"queso blanco";0;1;1
"queso fresco";0;1;1
"queso fresco crumbled";0;1;1
"queso fresco into cubes";0;1;1
"Quiche Filling";0;1;1
"Quick Thai Dipping Sauce";0;1;1
"quinoa";0;1;1
"radicchio";0;1;1
"radish greens";0;1;1
"Radishe sliced";0;1;1
"radishequartered";0;1;1
"radisheroughly";0;1;1
"radishes";0;1;1
"radishetrimmed";0;1;1
"rael hanout";0;1;1
"RAGU";0;1;1
"rainbow chard";0;1;1
"rainbow dy belts";0;1;1
"raisin";0;1;1
"raisin paste";0;1;1
"raisinor currants";0;1;1
"raisins";0;1;1
"ramps";0;1;1
"ranch dip mix";0;1;1
"raspberriefor garnish";0;1;1
"raspberriegarnish";0;1;1
"raspberries";0;1;1
"Raspberry Chia Jam";0;1;1
"raspberry flavored liqueur";0;1;1
"raspberry juice";0;1;1
"Raspberry Layer";0;1;1
"raspberry liqueur";0;1;1
"raspberry pie filling";0;1;1
"raspberry preserveheated";0;1;1
"raspberry preserves";0;1;1
"raspberry puree";0;1;1
"raspberry sorbet";0;1;1
"raspberry spreadable fruit";0;1;1
"raspberry syrup";0;1;1
"Raspberry Vinaigrette";0;1;1
"raspberry vodka";0;1;1
"Ravioli Dough";0;1;1
"Ravioli Filling";0;1;1
"raw buckwheat";0;1;1
"raw cacao powder";0;1;1
"raw cacao seeds";0;1;1
"raw cashew nuts";0;1;1
"raw cashew pieces";0;1;1
"raw cashews";0;1;1
"raw hemp seeds";0;1;1
"raw horseradish";0;1;1
"raw liver";0;1;1
"raw maca powder";0;1;1
"raw macadamia nuts";0;1;1
"raw mixed nuts";0;1;1
"raw oysters";0;1;1
"raw pe";1;0;0
"raw peanutin shells";0;1;1
"raw peanuts";0;1;1
"raw peas";0;1;1
"raw radish greens";1;0;0
"raw sesame seeds";0;1;1
"raw Spanish peanuts";0;1;1
"raw sunflower seeds";0;1;1
"raw walnuts";0;1;1
"raw wheat bran";0;1;1
"real maple syrup";0;1;1
"real mayonnaise";0;1;1
"recao or culantro";0;1;1
"reciBasic Crepes";0;1;1
"reciHollandaise Sauce";0;1;1
"reciPotato Cheese Filling";0;1;1
"reciSauerkraut Filling OR";0;1;1
"red caviar";0;1;1
"red chili flakes";0;0;0
"red chili powder";0;1;1
"red clover blossoms";0;1;1
"red currants";0;1;1
"red curry paste";0;1;1
"red curry powder";0;1;1
"red enchilada sauce";0;1;1
"red food color";0;1;1
"red gel food color";0;1;1
"red gel icing";0;1;1
"RED GOLD¬Æ Crushed Tomatoes";0;1;1
"RED GOLD¬Æ Diced Tomatoes";0;1;1
"red hot sauce";0;1;1
"red miso paste";0;1;1
"red plumpitted and";0;1;1
"red radishes";0;1;1
"red raspberries";0;1;1
"red raspberry preserves";0;1;1
"red shallots";0;1;1
"red Swischard";0;1;1
"red Swischard rinsed and";0;1;1
"red Thai curry paste";0;1;1
"reduced fat margarine";0;1;1
"reduced fat sour cream";0;1;1
"reduced sodium teriyaki sauce";0;1;1
"Reduction";0;1;1
"Refried Beans";0;1;1
"refrigerated crescent dinner rolls";0;1;0
"refrigerated crescent roll dough";0;1;1
"refrigerated crescent rolls";0;1;1
"refrigerated gnocchi";0;1;1
"refrigerated pizza dough";0;1;1
"refrigerated tortellini";0;1;1
"regular grituncooked";0;1;0
"regular marshmallows";0;1;0
"relish";0;1;1
"resealable sandwich s";0;1;1
"Reynolds¬Æ Parchment Paper";0;1;1
"ReynoldWrap¬Æ Aluminum Foil";0;1;1
"ReynoldWrap¬Æ Heavy Duty Aluminum Foil";0;1;1
"rhubarb";0;1;1
"rib roast";0;1;1
"Rib Rub";0;1;1
"rice";0;1;1
"ricotta cavatelli";0;1;1
"Ricotta Mixture";0;1;1
"Riesling";0;1;1
"rigatoni";0;1;1
"rikumquats";0;1;1
"ripersimmonpureed";0;1;1
"ripersimmons";0;1;1
"riplumpitted and";0;1;1
"RITZ Crackers";0;1;1
"Ritz LesFat Crackers";0;1;1
"Ro*Tel¬Æ Original Diced Tomatoe& Green Chilies";0;1;1
"Roast Pork";0;1;1
"Roasted Asparagus";0;1;1
"roasted barley";0;1;1
"roasted bits";0;1;1
"roasted chestnuts";0;1;1
"roasted flax seeds";0;1;1
"roasted macadamia nuts";0;1;1
"roasted peanut powder";0;1;1
"roasted peanuts";0;1;1
"roasted pine nuts";0;1;1
"roasted pistachios";0;1;1
"roasted red chili paste";0;1;1
"roasted sesame seeds";0;1;1
"roasted Spanish peanuts";0;1;1
"roasted sunflower seeds";0;1;1
"roasted tahini";0;1;1
"Roasted Winter Squash";0;1;1
"Roasting";0;1;1
"Rock Cornish hens";0;1;1
"rock dy or aneeded";0;1;1
"rock lobster tails";0;1;1
"rocket leaves";0;1;1
"rolled spelt flakes";0;1;1
"Rolls";1;0;0
"rose petal";0;1;1
"rose petals";0;1;1
"rose syrup";0;1;1
"rosemary";0;1;1
"Rosemary Sprigs";0;1;1
"roughly parsley";0;1;1
"roughly radishes";0;1;1
"roughly walnuts";0;1;1
"round";0;1;1
"round hard rolls";0;1;1
"Roux";0;1;1
"Rub";0;1;1
"rubbed sage";0;1;1
"rubbed sage leaves";0;1;1
"Ruby Port";0;1;1
"rum";0;1;1
"rum cream liqueur";0;1;1
"rum or aneeded";0;1;1
"rump roast";0;1;1
"Russian Salad Dressing";0;1;1
"rutaa";0;1;1
"rutaa and";0;1;1
"rutaa and into cubes";0;1;1
"rutaas";1;0;0
"rye meal";0;1;1
"rye whiskey";0;1;1
"s";0;1;1
"saffron";0;1;1
"saffron powder";0;1;1
"saffron threads";0;1;1
"sage";0;1;1
"sage leaf";0;1;1
"sage leaves";0;1;1
"sake";0;1;1
"Salad";0;1;1
"Salad Crunchies";0;1;1
"Salad Dressing";0;1;1
"salad greens";0;1;1
"salami";0;1;1
"salmon";0;1;1
"SALMON CAKES";0;1;1
"salsa";0;1;1
"Salsa for serving";0;1;1
"Salsa verde";1;0;0
"salt";1;0;0
"Salt to taste";1;0;0
"sambal belachan";0;1;1
"sambal chili sauce";0;1;1
"sambal oelek";0;1;1
"sandiecookies";0;1;1
"Sandwich";0;1;1
"sandwich rollsplit";0;1;1
"sardines";0;1;1
"saturei";0;1;1
"Sauce";0;1;1
"Sauce Bolognese";0;1;1
"Sauce Mixture";0;1;1
"sauerkraut";1;0;0
"sauerkraut and minced";0;1;1
"sauerkraut and pressed";0;1;1
"sauerkraut and rinsed";0;1;1
"Sauerkraut Filling";0;1;1
"sauerkraut undrained";1;0;0
"sauerkraut with juice";0;1;1
"sauerkraut with liquid";0;1;1
"sausage";0;1;1
"Sauvignon Blanc";1;0;0
"Sauvignon Blanc chilled";0;1;1
"Sauza¬Æ Blanco Tequila";0;1;1
"savory";0;1;1
"scallion";1;0;0
"Scalliongreen parts";0;1;1
"scallions";0;1;1
"scalliontrimmed";0;1;1
"scallop";0;1;1
"Scones";0;1;1
"scoop protein powder";0;1;1
"scoop vanilla protein powder";0;1;1
"scoop vegan protein powder";0;1;1
"scoop whey protein powder";1;0;0
"scoopprotein powder";0;1;1
"scoopvanilla protein powder";0;1;1
"scoopvegan protein powder";0;1;1
"Scotch whiskey";0;1;1
"sea bass";0;1;1
"seafood sauce";0;1;1
"Seasonal berries";0;1;1
"seasoned coating mix";0;1;1
"seasoned croutons";0;1;1
"seasoned rye crackers";0;1;1
"seasoned stuffing mix";0;1;1
"Seattle Aioli";0;1;1
"Second Layer";0;1;1
"Secret Chili Spice Mix";0;1;1
"Secret sauce ingredients";0;1;1
"seedlesraisins";0;1;1
"seedlesraspberry preserves";0;1;1
"seitan";0;1;1
"seitan into cubes";0;1;1
"seitan into strips";0;1;1
"seltzer";0;1;1
"semolina";0;1;1
"serrano chiliseeded and";0;1;1
"serviceberries";0;1;1
"serving oil";0;1;1
"sesame seed";0;1;1
"sesame seeds";0;1;1
"sesame seedtoasted";0;1;1
"sesame snack sticks";0;1;1
"shallot";0;1;1
"shallot into thin strips";0;1;1
"shallot quartered";0;1;1
"shallotinto thin slivers";0;1;1
"shallotjulienned";0;1;1
"shallotquartered";0;1;1
"shallotroughly";0;1;1
"shallots";0;1;1
"sheet nori";0;1;1
"sheet waxed paper";0;1;1
"sheetnori";0;1;1
"sheetparchment paper";0;1;1
"sheetphyllo dough";0;1;1
"sheetsushi nori";0;1;1
"sheetwafer paper";0;1;1
"shelled edamame";0;1;1
"shelled English peas";0;1;1
"shelled green peas";0;1;1
"shelled hemp seeds";0;1;1
"shelled peanuts";0;1;1
"shelled peas";0;1;1
"shelled pistachio nuts";0;1;1
"shelled pistachios";0;1;1
"shelled raw peanuts";0;1;1
"shelled sunflower seeds";0;1;1
"shelled walnuts";0;1;1
"Shells";0;1;1
"sherry";0;1;1
"shichimi togarashi";0;1;1
"shortcake shell";0;1;1
"shoulder venison roast";0;1;1
"shoyu";0;1;1
"Shredded Beef";0;1;1
"shrimp";0;1;1
"shucked clams";0;1;1
"shucked oysterquartered";0;1;1
"shucked oysters";0;1;1
"shucked oysterundrained";1;0;0
"silver tequila";1;0;0
"simple syrup";1;0;0
"single malt Scotch whiskey";0;1;1
"sirloin";0;1;1
"sirloin into thick slices";0;1;1
"sirloin tip into thin slices";0;1;1
"sirloin tips";0;1;1
"sirloin tipun";0;1;1
"skewers";1;0;0
"skinleshaddock";0;1;1
"skinlespeanuts";0;1;1
"slice cake";1;0;0
"slice fully cooked luncheon meat";1;0;0
"slice ginger";0;1;1
"slice ginger gently";0;1;1
"slice ginger quartered";0;1;1
"slice ginger root";0;1;1
"slice prosciutto";0;1;1
"slicebologna";0;1;1
"sliced California Almonds";0;1;1
"sliced carrot";0;1;1
"sliced daikon radish";0;1;1
"sliced frozen peach";0;1;1
"sliced ginger";1;0;0
"sliced heartof palm";0;1;1
"sliced kohlrabi";0;1;1
"sliced leek";0;1;1
"sliced leekor shallots";0;1;1
"sliced leeks";0;1;1
"sliced nectarines";0;1;1
"sliced nopalitoand rinsed";0;1;1
"sliced okra";0;1;1
"sliced or frozen okra";0;1;1
"sliced pancetta";0;1;1
"sliced pastrami";0;1;1
"sliced prosciutto";0;1;1
"sliced radishes";0;1;1
"sliced scallionwith green";0;1;1
"sliced shallots";0;1;1
"sliced taloupe";1;0;0
"slicegalangal";0;1;1
"slicejalapeno";0;1;1
"slicelime";0;1;1
"sliceOSCAR MAYER Bacon crisply cooked and crumbled";0;1;1
"slicepancetta";0;1;1
"sliceprosciutto";0;1;1
"sliceprosciutto into thirds";0;1;1
"sliceSmithfield¬Æ Deli Style Ham";0;1;1
"sliceSmithfield¬Æ Hickory Smoked Bacon";0;1;1
"slicetangerine";0;1;1
"slicetoast";0;1;1
"sliceTomato slices";0;1;1
"sliceun ginger";0;1;1
"Slider Buns";0;1;1
"slivered shelled pistachios";0;1;1
"sloppy joe sauce";0;1;1
"Sloppy Joes";0;1;1
"small carrot";0;1;1
"small carrot and";0;1;1
"small clamin shell scrubbed";0;1;1
"small clams";0;1;1
"small cocktail skewer";0;1;1
"small dy e";0;1;1
"small dy es";0;1;1
"small gingersnaps";1;0;0
"small gums";0;1;1
"small jicama and julienned";0;1;1
"small jicama and minced";0;1;1
"small leek";0;1;1
"small lobster tails";0;1;1
"small meatballs";0;1;1
"small mozzarella balls";0;1;1
"small okra";0;1;1
"small paper s";0;1;1
"small peach";1;0;0
"small peach and pitted";0;1;1
"small peach slices";0;1;1
"small radishes";0;1;1
"small rutaa";0;1;1
"small rutaa and";0;1;1
"small seasoned croutons";0;1;1
"small shallot";0;1;1
"small shallot and";0;1;1
"small shallots";0;1;1
"small square dinner rolls";0;1;1
"small turnip";0;1;1
"small turnip and";0;1;1
"small turnips";0;1;1
"small won ton wrappers";0;1;1
"smalllime";0;1;1
"smoked haddock";0;1;1
"smoked marlin";0;1;1
"smoky barbeque sauce";0;1;1
"Smoothie";0;1;1
"snipped dill";0;1;1
"snipped parsley";0;1;1
"snow";0;1;1
"snow pea pods";0;1;1
"snow peas";0;1;1
"snow peastemmed";0;1;1
"snow peatrimmed";0;1;1
"snow peatrimmed and";0;1;1
"So Delicious¬Æ Dairy Free Hazelnut Coconut Milk Creamer";0;1;1
"Soaking Syrup";0;1;1
"soda crackers";0;1;1
"sofrito";0;1;1
"sofrito sauce";0;1;1
"soft ladyfingers";0;1;1
"soft margarine";0;1;1
"soft s'morecookies";0;1;1
"soft sandwich rolls";0;1;1
"sole patted dry";0;1;1
"Sopes";0;1;1
"Sorbet";0;1;1
"sorghum";0;1;1
"sorghum syrup";0;1;1
"sorrel";0;1;1
"sorrel stemmed and rinsed";0;1;1
"soup";0;1;1
"Soup Base";0;1;1
"sour cream";0;1;1
"sour cream for dip";0;1;1
"sour cream for topping";0;1;1
"sour cream or adesired";0;1;1
"sour cream or aneeded";0;1;1
"sour key dy";0;1;0
"sourdough starter";0;1;1
"sourdough uette into thick slices";0;1;1
"Southern Comfort liqueur";0;1;1
"Souvlaki Marinade";0;1;1
"soy creamer";0;1;1
"soy lecithin";0;1;1
"soy margarine";0;1;1
"soy protein powder";0;1;1
"soy sauce";0;1;1
"Soy sauce for dipping";0;1;1
"spaghetti";0;1;1
"Spanish peanuts";0;1;1
"Special Additionif desired";0;1;1
"Spectrum Naturals¬Æ Canolaoil";0;1;1
"speculoocookies";0;1;1
"spent grain";0;1;1
"spice";0;1;1
"Spice Blend";0;1;1
"Spice Injection Mixture";0;1;1
"Spice Islands¬Æ Curry Powder";0;1;1
"Spice Islands¬Æ Dried Dill Weed";0;1;1
"Spice Islands¬Æ Fine Grind Black Pepper";0;1;1
"Spice Islands¬Æ Garlic Powder";0;1;1
"Spice Islands¬Æ Ground Cumin";0;1;1
"Spice Islands¬Æ Minced Garlic";0;1;1
"Spice Islands¬Æ Oregano";0;1;1
"Spice Islands¬Æ Thyme";0;1;1
"Spice Mix";0;1;1
"Spice Mixture";0;1;1
"Spice Paste";0;1;1
"Spice Rub";0;1;1
"spicy barbeque sauce";0;1;1
"spicy Bloody Mary mix";0;1;1
"spicy curry paste";0;1;1
"spicy curry powder";0;1;1
"spicy flavored tempeh";0;1;1
"Spicy Mayo";0;1;1
"spicy mayonnaise";0;1;1
"spicy vegetable juice";0;1;1
"spicy vegetable juice cocktail";0;1;1
"spinach";0;1;1
"spirulina";0;1;1
"spirulina powder";0;1;1
"splash club soda";0;1;1
"splash grenadine";0;1;1
"splash grenadine syrup";0;1;1
"splash vermouth";0;1;1
"splasheginger ale";0;1;1
"splashegrenadine syrup";0;1;1
"splashlime";0;1;1
"Splenda";0;1;1
"SPLENDA¬Æ Granular";0;1;1
"SPLENDA¬Æ Sugar Blend";0;1;1
"split Bengal gram";0;1;1
"split peapicked over";0;1;1
"split peas";0;1;1
"Sponge";0;1;1
"sponge cake";0;1;1
"sponge cake in cubes";0;1;1
"Spread";0;1;1
"sprig chervil";0;1;1
"sprig curry leaves";0;1;1
"sprig dill";0;1;1
"sprig dill or adesired";0;1;1
"sprig dill roughly";0;1;1
"sprig dill weed";0;1;1
"sprig lavender";0;1;1
"sprig marjoram";0;1;1
"sprig oregano";0;1;1
"sprig parsley";0;1;1
"sprig parsley for garnish";0;1;1
"sprig parsley leaves";0;1;1
"sprig parsley stem to elong";0;1;1
"sprig sage";0;1;1
"sprig tarragon";0;1;1
"sprig yerba buena";0;1;1
"sprigdill";0;1;1
"sprigpak chi farang";0;1;1
"sprigparsley";0;1;1
"sprigparsley stemmed and";0;1;1
"sprigtarragon";0;1;1
"Sprinkle' Suggestions";0;1;1
"sprinkles";0;1;1
"square konbu";0;1;1
"square wonton wrappers";0;1;1
"squash";0;1;1
"squeezedlime";0;1;1
"squid";0;1;1
"squid cleaned";0;1;1
"squid cleaned and";0;1;1
"sriracha hot chili sauce";0;1;1
"Sriracha hot sauce";0;1;1
"sriracha mayonnaise";1;0;0
"Sriracha or to taste";1;0;0
"sriracha sauce";0;1;1
"stalkgai lan";0;1;1
"standing rib roast bone in";0;1;1
"star decors";0;1;1
"star fruit";0;1;1
"Starter";0;1;1
"stemmed and figs";0;1;1
"stemmed and Swischard";0;1;1
"stevia";0;1;1
"Stevia In The Raw¬Æ";0;1;1
"Stevia In The Raw¬Æ BakerBag";0;1;1
"stevia powder";0;1;1
"stew";0;1;1
"Stewed Strawberries";0;1;1
"stick margarine";0;1;1
"stinging nettles";0;1;1
"Stir Fry";0;1;1
"Stir Fry Ingredients";1;1;1
"Stir Fry Sauce";0;1;1
"Stock";0;1;1
"strawberries";0;1;1
"strawberry";0;1;1
"Strawberry Cake";0;1;1
"Strawberry Filling";0;1;1
"Streusel";0;1;1
"Streusel Mixture";0;1;1
"Streusel Topping";0;1;1
"strip horseradish root";0;1;1
"striplime peel";0;1;1
"stuffing";0;1;1
"stuffing mix";0;1;1
"suat";0;1;1
"suet";0;1;1
"sugar";0;1;1
"Sugar for dusting";0;1;1
"Sugar Glass";0;1;1
"Sugar In The Raw¬Æ";0;1;1
"Sugar to taste";0;1;1
"Suggested Toppings";0;1;1
"sukiyaki sauce";0;1;1
"sultana raisins";0;1;1
"sumac";0;1;1
"sumac powder";0;1;1
"sunchokeroughly";0;1;1
"sunflower kernels";0;1;1
"sunflower seed kernels";0;1;1
"sunflower seeds";0;1;1
"surimi";0;1;1
"Swanson¬Æ Chicken Broth";0;1;1
"Swanson¬Æ Chicken Broth or Swanson¬Æ Chicken Stock";0;1;1
"Swanson¬Æ Chicken Stock";0;1;1
"Swanson¬Æ Seafood Stock";0;1;1
"Sweet Chili Mayo";0;1;1
"Sweet Crust";0;1;1
"Sweet Curry Lemon Curd";0;1;1
"Sweet Potato Layer";0;1;1
"Swischard";0;1;1
"Swischard or aneeded";0;1;1
"Swischard stemand leaveseparated";0;1;1
"Swischard trimmed and";0;1;1
"Syrian zaatar";0;1;1
"SYRUP";0;1;1
"Tabasco sauce";0;1;1
"taco";0;1;1
"TACO BELL¬Æ Thick 'N Chunky Salsa";0;1;1
"Taco Filling";0;1;1
"Taco Meat Filling";0;1;1
"Tacos";0;1;1
"tahini";1;1;1
"tahini paste";0;1;1
"tahini sauce";1;1;1
"talou and";1;0;0
"talou and seeded";0;1;1
"talouballor cubes";0;1;1
"talouchunks";0;1;1
"taloupe";0;1;1
"Tamale Dough";0;1;1
"Tamale Filling";0;1;1
"tamari";0;1;1
"tamari sauce";0;1;1
"tamarind concentrate";0;0;0
"Tamarind glaze";0;1;1
"tamarind juice";0;1;1
"tamarind paste";1;1;0
"tamarind pulp";0;1;1
"tamarind pulp juice squeezed and reserved";0;1;1
"tamarind soup base";0;1;1
"tandoori masala powder";0;1;1
"tandoori paste";0;1;1
"tangerine and sectioned";0;1;1
"tangerine juice";0;1;1
"tangerine juiced";0;1;1
"tangerine zest";0;1;1
"tangerines";0;1;1
"tangerinezested";0;1;1
"tapenade";0;1;1
"tapioca";0;1;1
"tapioca starch";0;1;1
"taro leaves";0;1;1
"tarragon";0;1;1
"tarragon leaves";0;1;1
"tarragon leavetorn";0;1;1
"Tart";0;1;1
"tartar sauce";0;1;1
"tartaric acid";0;1;1
"tater tots";0;1;1
"tater totthawed";0;1;1
"tea";0;1;1
"Tempeh";0;1;1
"tempeh crumbled";0;1;1
"tempeh diagonally";0;1;1
"tempeh into thin strips";0;1;1
"tempura mix";0;1;1
"Tennessee whiskey";0;1;1
"tequila";0;1;1
"teriyaki basting sauce";0;1;1
"teriyaki glaze";0;1;1
"teriyaki marinade";0;1;1
"teriyaki marinade sauce";0;1;1
"teriyaki sauce";0;1;1
"textured vegetable protein";0;1;1
"texturized vegetable protein";0;1;1
"Thai chili peanut sauce";0;1;1
"Thai chili sauce";0;1;1
"Thai chiliethin";0;1;1
"Thai peanut sauce";0;1;1
"Thai red curry paste";0;1;1
"thawed COOL WHIP Whipped Topping";0;1;1
"thawed frozen peas";0;1;1
"thawed frozen whipped topping";0;1;1
"thawed whipped topping";0;1;1
"The Filling";0;1;1
"The Fizz";0;1;1
"thick slice cake";0;1;1
"thick slice ginger";0;1;1
"thick slice of French uette";0;1;1
"thick sliceTexatoast";0;1;1
"thin carrot slices";0;1;1
"Thin Crust";0;1;1
"Thin MintGirl Scout Cookies¬Æ";0;1;1
"thin slice ginger";0;1;1
"thin slice ginger root";0;1;1
"thin slicegalangal";0;1;1
"thin sliceprosciutto";0;1;1
"thin sliceprosciutto or aneeded";0;1;1
"thin veal lets";0;1;1
"thin wheat crackers";0;1;1
"Thinly sliced prosciutto";0;1;1
"thyme";0;1;1
"tilapia";0;1;1
"tip round roast";0;1;1
"Tiramisu";1;0;0
"To Layer In Jar";0;1;1
"To Make the Ravioli";0;1;1
"Toast";0;1;1
"toasted";1;0;0
"toasted caraway seeds*";1;0;0
"toasted cashews";0;1;1
"toasted hazelnuts";0;1;1
"toasted or walnuts";0;1;1
"toasted pe";0;1;1
"toasted pieceor aneeded";0;1;1
"toasted pieces";0;1;1
"toasted pine nuts";0;1;1
"toasted pistachios";0;1;1
"toasted sesame seeds";0;1;1
"toasted sunflower seeds";0;0;0
"toasted walnut pieces";0;1;1
"toasted walnuts";0;1;1
"toasted wheat germ";0;1;1
"toenjang";0;1;1
"toffee baking bits";0;1;1
"toffee bits";0;1;1
"tofu";0;1;1
"togarashi";0;1;1
"tom yum paste";0;1;1
"tomatillo";0;1;1
"tomato";0;1;1
"Tomato Sauce";0;1;1
"toothpickor aneeded";0;1;1
"toothpicks";0;1;1
"tootsie rolls";0;1;1
"Top Cake Layer";0;1;1
"top round";0;1;1
"top round London Broil";0;1;1
"top sirloin";0;1;1
"top sirloin roast";0;1;1
"Topping";0;1;1
"Toppingadesired";0;1;1
"Toppings";0;1;1
"torn dandelion greens";0;1;1
"torn escarole";0;0;0
"torn radicchio";1;0;0
"torn salad greens";0;1;1
"tortellini";0;1;1
"tortilla";0;1;1
"Tortilla chips";0;1;1
"Tortilla Crisps";0;1;1
"Tortillaor tostadas";0;1;1
"tortillas";0;1;1
"tostada shells";0;1;1
"trail mix";0;1;1
"tray ice";0;1;1
"tray ice cubes";0;1;1
"trayice cubeor aneeded";0;1;1
"trayice cubes";0;1;1
"treacle or molasses";0;1;1
"tri tip roast";0;1;1
"trimmed brussel sprouts";0;1;1
"trimmed snow peas";0;1;1
"triple berry vodka";0;1;1
"triple sec";0;1;1
"triple sec liqueur";0;1;1
"tririnsed";0;1;1
"truffle*";0;0;0
"Truvia¬Æ Baking Blend";0;1;1
"Truvia¬Æ Baking Blend plus";0;1;1
"tub COOL WHIP Whipped Topping thawed";0;1;1
"tub frozen whipped topping thawed";0;1;1
"tub light thawed whipped topping";0;1;1
"tub whipped topping";0;1;0
"tube black decorating gel";0;1;1
"tube prepared polenta";0;1;1
"tubedecorating gel";0;1;1
"tumeric";0;1;1
"tuna";0;1;1
"turkey";0;1;1
"Turkey Broth";0;1;1
"turmeric";0;1;1
"turmeric powder";0;1;1
"turmeric root";0;1;1
"turmeric to taste";0;1;1
"turnip";1;0;0
"turnip and";1;0;0
"turnip greenrinsed and";1;0;0
"turnip greens";0;1;1
"turnipquartered";0;1;1
"turnips";0;1;1
"turtle meat without bones";0;1;1
"Twinkies";0;1;1
"twist ties";0;1;1
"twistlime garnish";0;1;1
"twistlime peel";0;1;1
"Tzatziki Sauce";0;1;1
"ube cooked and";0;1;1
"uette";1;0;0
"uette into slices";0;1;1
"uette slices";0;1;1
"unbaked frozen dinner rolls";0;1;1
"unbaked tart shells";0;1;1
"uncooked barley";0;1;1
"uncooked couscous";0;1;1
"uncooked cracked wheat";0;1;1
"uncooked fettuccine";0;1;1
"uncooked grits";0;1;1
"uncooked linguine";0;1;1
"uncooked millet";0;1;1
"uncooked orzo";0;1;1
"uncooked rotini";0;1;1
"uncooked whole barley";0;1;1
"unflavored gelatin";0;1;1
"unflavored gelatin powder";1;0;0
"unopened oysters";0;1;1
"unseasoned meat tenderizer";1;0;0
"unsulfured molasses";0;1;1
"untoasted walnut halves";0;1;1
"untreated cedar plank";0;1;1
"untreated cedar planks";0;1;1
"UP¬Æ";0;1;1
"Urfa biber";1;0;0
"vanilla";0;1;1
"vanilla baking chips";0;1;1
"vanilla cream soda";0;1;1
"vanilla dy melt into pieces";0;1;1
"vanilla flavor instant pudding and pie filling mix";0;0;0
"vanilla flavored syrup";0;1;1
"vanilla flavored vodka";0;1;1
"vanilla frosting";0;1;1
"vanilla instant pudding mix";0;1;1
"vanilla powder";0;1;1
"vanilla protein powder";0;1;1
"Vanilla Pudding";0;1;1
"vanilla pudding mix";0;1;1
"vanilla rum";0;1;1
"vanilla sandwich cookies";0;1;1
"vanilla wafer cookies";0;1;1
"vanilla wafer crumbs";0;1;1
"vanilla wafer very fine";0;1;1
"vanilla wafercrumbled";0;1;1
"vanilla wafers";0;1;1
"vanilla whey protein powder";0;1;1
"Vanilla Whipped Cream";0;1;1
"veal";0;1;1
"veal chops";0;1;1
"veal leted to thickness";0;1;1
"veal lets";0;1;1
"veal medallions";0;1;1
"veal shank";0;1;1
"veal shank into short lengths";0;1;1
"veal shanks";1;0;0
"veal stock";0;1;1
"veal trimmed and";1;0;0
"vegan carob chips";1;0;0
"vegan margarine";0;1;1
"vegan mayonnaise";0;1;1
"vegan sour cream";1;0;0
"vegetable bouillon";0;1;1
"vegetable juice";1;0;0
"vegetable oil";0;1;1
"vegetable soup mix";0;1;1
"vegetable stock";0;1;1
"vegetables";0;1;1
"vegetarian burger crumbles";0;1;1
"vegetarian hoisin sauce";0;1;1
"vegetarian hot dogs";0;1;1
"vegetarian oyster sauce";0;1;1
"vegetarian Worcestershire sauce";0;1;1
"VELVEETA¬Æ into cubes";0;1;1
"VELVEETA¬Æ up";0;1;1
"venison";0;1;1
"venison into chunks";0;1;1
"venison into cubes";0;1;1
"venison into strips";0;1;1
"venison ribs";0;1;1
"venison roast";0;1;1
"venison rump roast";0;1;1
"venison tenderloin";1;0;0
"venison tenderloin into cubes";0;1;1
"vermouth";0;1;1
"very";0;1;1
"Vinaigrette";1;0;0
"vindaloo curry powder";1;0;0
"vinegar";0;1;1
"vino seco";1;0;0
"vital wheat gluten";0;1;1
"vodka";0;1;1
"vodka chilled";0;1;1
"vodka marinara sauce";0;1;1
"vodka or aneeded";0;1;1
"Waffles";0;1;1
"wakame";0;1;1
"walnut halves";0;1;1
"walnut pieces";0;1;1
"walnut piecetoasted";0;1;1
"walnutif desired";0;1;1
"walnutlightly toasted";0;1;1
"walnutor adesired";0;1;1
"walnutor pe";0;1;1
"walnuts";0;1;0
"walnuttoasted";0;1;1
"walnuttoasted and";0;1;1
"wasabi";0;1;1
"wasabi fumi furikake";0;1;1
"wasabi paste";0;1;1
"wasabi peas";0;1;1
"wasabi powder";0;1;1
"water";0;1;1
"Water aneeded";0;1;1
"waxed paper";0;1;1
"wedge lime";0;1;1
"wedgelime";0;1;1
"wedgelime agarnish";0;1;1
"wedgelime for garnish";0;1;1
"Wet ingredients";0;1;1
"Wet Mixture";0;1;1
"wheat berries";0;1;1
"wheat bran";0;1;1
"wheat crackers";0;1;1
"wheat germ";0;1;1
"wheat gluten";0;1;1
"wheat whiskey";0;1;1
"whey protein";0;1;1
"whey protein powder";0;1;1
"whipped cream";0;1;1
"whipped cream for garnish";0;1;1
"whipped cream for serving";0;1;1
"whipped cream topping";0;1;1
"whipped dairy topping";0;1;1
"whipped topping";0;1;1
"whipped topping thawed";0;1;1
"whipping cream";0;1;0
"whipping cream whipped";0;1;1
"whiskey";0;1;1
"whiskey sour mix";0;1;1
"white baking chips";0;1;1
"White Cheddar Cheese Sauce";0;1;1
"White Chocolate Cheesecake";0;1;1
"White clam sauce";0;1;1
"white clove";0;1;1
"white clover blossoms";0;1;1
"white confectioners' coating";0;1;1
"white creme de cacao";0;1;1
"white dy coating";0;1;1
"White dy sprinkles";0;1;0
"white frosting";0;1;1
"white gravy mix";0;1;1
"white hominy";0;1;1
"white horseradish";0;1;1
"white miso";0;1;1
"white miso paste";0;1;1
"white or dark rum";0;1;1
"white or yellow hominy";0;1;1
"white party rolls";0;1;1
"white poppy seeds";0;1;1
"white radish";0;1;1
"white raisins";0;1;1
"white rum";0;1;1
"white sesame seeds";0;1;1
"white tequila";0;1;1
"whole";0;1;1
"whole baby clamundrained";0;1;1
"whole chestnuts";0;1;1
"whole clove";0;1;1
"whole coriander seeds";0;1;1
"whole fenugreek seeds";0;1;1
"whole flounder";0;1;1
"whole goose";0;1;1
"whole grain crackers";0;1;1
"whole lobster tail";0;1;1
"whole lobster tails";0;1;1
"whole lobsters";0;1;1
"whole matzos";0;1;1
"whole nutmeg";1;0;0
"whole pe";0;1;1
"whole peanuts";0;1;1
"whole pheasant cleaned";1;0;0
"whole quail";1;0;0
"whole red snapper";0;1;1
"whole trout cleaned";0;1;1
"whole walnuts";0;1;1
"whole wheat berries";0;1;1
"whole wheat couscous";0;1;1
"whole wheat crackers";0;1;1
"whole wheat phyllo dough";1;0;0
"wholelime into wedges";0;1;1
"wild game rub";1;0;0
"wild raspberries";0;1;1
"Willamette hops";0;1;1
"wine";0;1;1
"Wings";0;1;1
"with lids";0;1;1
"won ton wrappers";0;1;1
"Wonton Filling";0;1;1
"wonton wrapper into triangles";0;1;1
"wonton wrappers";0;1;1
"Wontons";0;1;1
"Worcestershire sauce";1;0;0
"Wraps";0;1;1
"xanthan gum";0;1;1
"yam";0;1;1
"yautia and";0;1;1
"yeast";0;1;1
"Yellow confetti sprinkles";0;1;1
"yellow curry paste";0;1;1
"yellow curry powder";0;1;1
"yellow curry sauce";0;1;1
"yellow grits";0;1;1
"yellow marshmallow chicks";0;1;1
"yellow miso paste";0;1;1
"yellow split peas";0;1;1
"yogurt";0;1;1
"Yolk";0;1;1
"Yorkshire Pudding";0;1;1
"young pandan leaves";0;1;1
"young peas";0;1;1
"yuca and";0;1;1
"yucca";0;1;1
"yucca root and sliced";0;1;0
"Yuzu Aioli";0;1;1
"yuzu juice";0;1;1
"za'atar";0;1;1
"ZATARAIN'S¬Æ Yellow Rice";0;1;1
"zest of onelime";0;1;1
"ziti";0;1;1
"zucchini";0;1;1
"Zucchini chips";0;1;1
