"ID";"RecipeID";"Food"
"10";"BmqFAmCrDHiKNwX.IQzb0U/v0mLlxFu";"sugar"
"100";"ATMxl11LFhuvTbTi9.kX4nhYE50HeJ.";"cinnamon"
"1000";"j1l1K0Y72RgBEqo7N96gwj/RosdhPju";"chicken"
"1001";"j1l1K0Y72RgBEqo7N96gwj/RosdhPju";"water"
"1002";"j1l1K0Y72RgBEqo7N96gwj/RosdhPju";"tomato"
"1003";"j1l1K0Y72RgBEqo7N96gwj/RosdhPju";"wine"
"1004";"j1l1K0Y72RgBEqo7N96gwj/RosdhPju";"bean"
"1005";"j1l1K0Y72RgBEqo7N96gwj/RosdhPju";"bean"
"1006";"j1l1K0Y72RgBEqo7N96gwj/RosdhPju";"spinach"
"1007";"j1l1K0Y72RgBEqo7N96gwj/RosdhPju";"zucchini"
"1008";"j1l1K0Y72RgBEqo7N96gwj/RosdhPju";"oregano"
"1009";"j1l1K0Y72RgBEqo7N96gwj/RosdhPju";"basil"
"101";"ATMxl11LFhuvTbTi9.kX4nhYE50HeJ.";"nutmeg"
"1010";"j1l1K0Y72RgBEqo7N96gwj/RosdhPju";"pepper"
"1011";"j1l1K0Y72RgBEqo7N96gwj/RosdhPju";"pasta"
"1012";"zxSd1QSMeaqw7kdahQ/L./70xCiJrb.";"butter"
"1013";"zxSd1QSMeaqw7kdahQ/L./70xCiJrb.";"sugar"
"1014";"zxSd1QSMeaqw7kdahQ/L./70xCiJrb.";"flour"
"1015";"zxSd1QSMeaqw7kdahQ/L./70xCiJrb.";"egg"
"1016";"zxSd1QSMeaqw7kdahQ/L./70xCiJrb.";"sugar"
"1017";"zxSd1QSMeaqw7kdahQ/L./70xCiJrb.";"flour"
"1018";"zxSd1QSMeaqw7kdahQ/L./70xCiJrb.";"lemon"
"1019";".RzlQoqQBLb7fMXJCLEpMAA0BjDELSK";"chocolate"
"1020";".RzlQoqQBLb7fMXJCLEpMAA0BjDELSK";"chocolate"
"1021";".RzlQoqQBLb7fMXJCLEpMAA0BjDELSK";"chocolate"
"1022";"yy9pWFtmrTpK0JF3HKS4nl1uoqa5YG.";"butter"
"1023";"yy9pWFtmrTpK0JF3HKS4nl1uoqa5YG.";"sugar"
"1024";"yy9pWFtmrTpK0JF3HKS4nl1uoqa5YG.";"sugar"
"1025";"yy9pWFtmrTpK0JF3HKS4nl1uoqa5YG.";"butter"
"1026";"yy9pWFtmrTpK0JF3HKS4nl1uoqa5YG.";"extract"
"1027";"yy9pWFtmrTpK0JF3HKS4nl1uoqa5YG.";"egg"
"1028";"yy9pWFtmrTpK0JF3HKS4nl1uoqa5YG.";"flour"
"1029";"yy9pWFtmrTpK0JF3HKS4nl1uoqa5YG.";"baking soda"
"103";"ATMxl11LFhuvTbTi9.kX4nhYE50HeJ.";"ginger"
"1030";"yy9pWFtmrTpK0JF3HKS4nl1uoqa5YG.";"salt"
"1031";"yy9pWFtmrTpK0JF3HKS4nl1uoqa5YG.";"oats"
"1032";"yy9pWFtmrTpK0JF3HKS4nl1uoqa5YG.";"chocolate"
"1033";"ZTpwPjVm8WXsFVFhOnXJvvScVzp7cz2";"chicken"
"1034";"ZTpwPjVm8WXsFVFhOnXJvvScVzp7cz2";"salt"
"1035";"ZTpwPjVm8WXsFVFhOnXJvvScVzp7cz2";"pepper"
"1036";"ZTpwPjVm8WXsFVFhOnXJvvScVzp7cz2";"cheese"
"1037";"ZTpwPjVm8WXsFVFhOnXJvvScVzp7cz2";"ham"
"1038";"ZTpwPjVm8WXsFVFhOnXJvvScVzp7cz2";"bread"
"1039";"..3M3xsVPQLnncQ2oYzCyhGjNe/6EB2";"sugar"
"104";"2GV8OxOPn2uKhaCVoPw36Lg6tvNws9W";"flour"
"1040";"..3M3xsVPQLnncQ2oYzCyhGjNe/6EB2";"water"
"1041";"..3M3xsVPQLnncQ2oYzCyhGjNe/6EB2";"lemon"
"1042";"Gui7vnPf9/fJ32bZcZCR2TWtuV9msbm";"kale"
"1043";"Gui7vnPf9/fJ32bZcZCR2TWtuV9msbm";"oil"
"1044";"Gui7vnPf9/fJ32bZcZCR2TWtuV9msbm";"salt"
"1045";"kksJeR84Z9mRM48VlCyScJCLyWqayw.";"onion"
"1046";"kksJeR84Z9mRM48VlCyScJCLyWqayw.";"pork"
"1047";"kksJeR84Z9mRM48VlCyScJCLyWqayw.";"water"
"1048";"kksJeR84Z9mRM48VlCyScJCLyWqayw.";"sugar"
"1049";"kksJeR84Z9mRM48VlCyScJCLyWqayw.";"vinegar"
"105";"2GV8OxOPn2uKhaCVoPw36Lg6tvNws9W";"baking soda"
"1050";"kksJeR84Z9mRM48VlCyScJCLyWqayw.";"soy sauce"
"1051";"kksJeR84Z9mRM48VlCyScJCLyWqayw.";"ketchup"
"1052";"kksJeR84Z9mRM48VlCyScJCLyWqayw.";"pepper"
"1053";"kksJeR84Z9mRM48VlCyScJCLyWqayw.";"salt"
"1054";"kksJeR84Z9mRM48VlCyScJCLyWqayw.";"garlic"
"1055";"kksJeR84Z9mRM48VlCyScJCLyWqayw.";"pepper"
"1056";"BYMc57FdHLhI6UndwAcGqhWMIY0YFHm";"butter"
"1057";"BYMc57FdHLhI6UndwAcGqhWMIY0YFHm";"garlic"
"1058";"BYMc57FdHLhI6UndwAcGqhWMIY0YFHm";"soy sauce"
"1059";"BYMc57FdHLhI6UndwAcGqhWMIY0YFHm";"pepper"
"106";"2GV8OxOPn2uKhaCVoPw36Lg6tvNws9W";"salt"
"1061";"BYMc57FdHLhI6UndwAcGqhWMIY0YFHm";"chicken"
"1063";"TkZwNJhIEdO.UvM9gbTCPU3iJ.EjFCa";"oil"
"1064";"TkZwNJhIEdO.UvM9gbTCPU3iJ.EjFCa";"pork"
"1065";"TkZwNJhIEdO.UvM9gbTCPU3iJ.EjFCa";"barbeque sauce"
"1066";"TkZwNJhIEdO.UvM9gbTCPU3iJ.EjFCa";"apple"
"1067";"TkZwNJhIEdO.UvM9gbTCPU3iJ.EjFCa";"chicken"
"1068";"TkZwNJhIEdO.UvM9gbTCPU3iJ.EjFCa";"sugar"
"1069";"TkZwNJhIEdO.UvM9gbTCPU3iJ.EjFCa";"mustard"
"107";"2GV8OxOPn2uKhaCVoPw36Lg6tvNws9W";"butter"
"1070";"TkZwNJhIEdO.UvM9gbTCPU3iJ.EjFCa";"Worcestershire sauce"
"1071";"TkZwNJhIEdO.UvM9gbTCPU3iJ.EjFCa";"chili powder"
"1072";"TkZwNJhIEdO.UvM9gbTCPU3iJ.EjFCa";"onion"
"1073";"TkZwNJhIEdO.UvM9gbTCPU3iJ.EjFCa";"garlic"
"1074";"TkZwNJhIEdO.UvM9gbTCPU3iJ.EjFCa";"thyme"
"1075";"TkZwNJhIEdO.UvM9gbTCPU3iJ.EjFCa";"ham"
"1076";"TkZwNJhIEdO.UvM9gbTCPU3iJ.EjFCa";"butter"
"1077";"roNraj3n.peyZ5tS6XSarnSeIwq.3Ky";"squash"
"1078";"roNraj3n.peyZ5tS6XSarnSeIwq.3Ky";"onion"
"1079";"roNraj3n.peyZ5tS6XSarnSeIwq.3Ky";"butter"
"108";"2GV8OxOPn2uKhaCVoPw36Lg6tvNws9W";"sugar"
"1080";"roNraj3n.peyZ5tS6XSarnSeIwq.3Ky";"cheese"
"1081";"roNraj3n.peyZ5tS6XSarnSeIwq.3Ky";"egg"
"1082";"roNraj3n.peyZ5tS6XSarnSeIwq.3Ky";"milk"
"1083";"roNraj3n.peyZ5tS6XSarnSeIwq.3Ky";"butter"
"1084";"roNraj3n.peyZ5tS6XSarnSeIwq.3Ky";"salt"
"1085";"roNraj3n.peyZ5tS6XSarnSeIwq.3Ky";"pepper"
"1086";"roNraj3n.peyZ5tS6XSarnSeIwq.3Ky";"butter"
"1087";"iG1JISciWW8lcQ5sU5ms3SjZ8D2CQ2S";"oil"
"1088";"iG1JISciWW8lcQ5sU5ms3SjZ8D2CQ2S";"turkey"
"1089";"iG1JISciWW8lcQ5sU5ms3SjZ8D2CQ2S";"onion"
"109";"2GV8OxOPn2uKhaCVoPw36Lg6tvNws9W";"sugar"
"1090";"iG1JISciWW8lcQ5sU5ms3SjZ8D2CQ2S";"water"
"1091";"iG1JISciWW8lcQ5sU5ms3SjZ8D2CQ2S";"tomato"
"1092";"iG1JISciWW8lcQ5sU5ms3SjZ8D2CQ2S";"bean"
"1093";"iG1JISciWW8lcQ5sU5ms3SjZ8D2CQ2S";"garlic"
"1094";"iG1JISciWW8lcQ5sU5ms3SjZ8D2CQ2S";"chili powder"
"1095";"iG1JISciWW8lcQ5sU5ms3SjZ8D2CQ2S";"paprika"
"1097";"iG1JISciWW8lcQ5sU5ms3SjZ8D2CQ2S";"pepper"
"1098";"iG1JISciWW8lcQ5sU5ms3SjZ8D2CQ2S";"cumin"
"1099";"iG1JISciWW8lcQ5sU5ms3SjZ8D2CQ2S";"salt"
"11";"BmqFAmCrDHiKNwX.IQzb0U/v0mLlxFu";"sugar"
"110";"2GV8OxOPn2uKhaCVoPw36Lg6tvNws9W";"extract"
"1100";"iG1JISciWW8lcQ5sU5ms3SjZ8D2CQ2S";"pepper"
"1101";"fWl3.b2pvtZcg5/zoXczD1wn.OZ8Xl2";"sugar"
"1102";"fWl3.b2pvtZcg5/zoXczD1wn.OZ8Xl2";"cocoa"
"1103";"fWl3.b2pvtZcg5/zoXczD1wn.OZ8Xl2";"butter"
"1104";"fWl3.b2pvtZcg5/zoXczD1wn.OZ8Xl2";"milk"
"1105";"fWl3.b2pvtZcg5/zoXczD1wn.OZ8Xl2";"extract"
"1106";"YHjAua.isrvm9GlCZe6C8NFJ/RdDRJq";"butter"
"1107";"YHjAua.isrvm9GlCZe6C8NFJ/RdDRJq";"pasta"
"1108";"YHjAua.isrvm9GlCZe6C8NFJ/RdDRJq";"chicken"
"1109";"YHjAua.isrvm9GlCZe6C8NFJ/RdDRJq";"cheese"
"111";"2GV8OxOPn2uKhaCVoPw36Lg6tvNws9W";"egg"
"1110";"YHjAua.isrvm9GlCZe6C8NFJ/RdDRJq";"basil"
"1111";"YHjAua.isrvm9GlCZe6C8NFJ/RdDRJq";"pepper"
"1112";"YHjAua.isrvm9GlCZe6C8NFJ/RdDRJq";"basil"
"1113";"XkAIy0EmD32CZ0MIXMPdu823F1JC5.S";"bean"
"1114";"XkAIy0EmD32CZ0MIXMPdu823F1JC5.S";"broth"
"1115";"XkAIy0EmD32CZ0MIXMPdu823F1JC5.S";"salsa"
"1116";"XkAIy0EmD32CZ0MIXMPdu823F1JC5.S";"cumin"
"1117";"XkAIy0EmD32CZ0MIXMPdu823F1JC5.S";"sour cream"
"1118";"XkAIy0EmD32CZ0MIXMPdu823F1JC5.S";"onion"
"1119";"9e0UZ99WyaUAdDiErygKpJhOGSvbKFO";"oil"
"112";"2GV8OxOPn2uKhaCVoPw36Lg6tvNws9W";"egg"
"1120";"9e0UZ99WyaUAdDiErygKpJhOGSvbKFO";"garlic"
"1122";"9e0UZ99WyaUAdDiErygKpJhOGSvbKFO";"basil"
"1123";"9e0UZ99WyaUAdDiErygKpJhOGSvbKFO";"pepper"
"1124";"9e0UZ99WyaUAdDiErygKpJhOGSvbKFO";"salt"
"1125";"9e0UZ99WyaUAdDiErygKpJhOGSvbKFO";"onion"
"1126";"9e0UZ99WyaUAdDiErygKpJhOGSvbKFO";"mustard"
"1127";"9e0UZ99WyaUAdDiErygKpJhOGSvbKFO";"vinegar"
"1128";"FTyi08Qltp4xkkeIvlBlWZ.nApBOIaW";"baking mix"
"1129";"FTyi08Qltp4xkkeIvlBlWZ.nApBOIaW";"cheese"
"113";"2GV8OxOPn2uKhaCVoPw36Lg6tvNws9W";"chocolate"
"1130";"FTyi08Qltp4xkkeIvlBlWZ.nApBOIaW";"water"
"1131";"FTyi08Qltp4xkkeIvlBlWZ.nApBOIaW";"butter"
"1132";"FTyi08Qltp4xkkeIvlBlWZ.nApBOIaW";"garlic"
"1133";"FTyi08Qltp4xkkeIvlBlWZ.nApBOIaW";"salt"
"1134";"FTyi08Qltp4xkkeIvlBlWZ.nApBOIaW";"onion"
"1136";"g4o9vpZ9EOwJEc5ylYLaGPtywJV9xZ2";"oats"
"1137";"g4o9vpZ9EOwJEc5ylYLaGPtywJV9xZ2";"sugar"
"1138";"g4o9vpZ9EOwJEc5ylYLaGPtywJV9xZ2";"wheat germ"
"1139";"g4o9vpZ9EOwJEc5ylYLaGPtywJV9xZ2";"cinnamon"
"114";"ybAYM2rjpeMIxNBRfvU3OBaykkHIp5u";"cauliflower"
"1140";"g4o9vpZ9EOwJEc5ylYLaGPtywJV9xZ2";"flour"
"1141";"g4o9vpZ9EOwJEc5ylYLaGPtywJV9xZ2";"raisins"
"1142";"g4o9vpZ9EOwJEc5ylYLaGPtywJV9xZ2";"salt"
"1143";"g4o9vpZ9EOwJEc5ylYLaGPtywJV9xZ2";"honey"
"1144";"g4o9vpZ9EOwJEc5ylYLaGPtywJV9xZ2";"egg"
"1145";"g4o9vpZ9EOwJEc5ylYLaGPtywJV9xZ2";"oil"
"1146";"g4o9vpZ9EOwJEc5ylYLaGPtywJV9xZ2";"extract"
"1147";"nwtx08KExuRUl4LHekRYuJ3Y9EsHE.m";"oil"
"1148";"nwtx08KExuRUl4LHekRYuJ3Y9EsHE.m";"rice"
"1149";"nwtx08KExuRUl4LHekRYuJ3Y9EsHE.m";"onion"
"115";"ybAYM2rjpeMIxNBRfvU3OBaykkHIp5u";"potato"
"1150";"nwtx08KExuRUl4LHekRYuJ3Y9EsHE.m";"pepper"
"1151";"nwtx08KExuRUl4LHekRYuJ3Y9EsHE.m";"water"
"1152";"nwtx08KExuRUl4LHekRYuJ3Y9EsHE.m";"tomato"
"1153";"nwtx08KExuRUl4LHekRYuJ3Y9EsHE.m";"chili powder"
"1154";"nwtx08KExuRUl4LHekRYuJ3Y9EsHE.m";"salt"
"1155";"Q1U2bYldkCJHMWtPCmwUdAGptoKKJ2W";"potato"
"1156";"Q1U2bYldkCJHMWtPCmwUdAGptoKKJ2W";"onion"
"1157";"Q1U2bYldkCJHMWtPCmwUdAGptoKKJ2W";"butter"
"1158";"Q1U2bYldkCJHMWtPCmwUdAGptoKKJ2W";"honey"
"1159";"Q1U2bYldkCJHMWtPCmwUdAGptoKKJ2W";"mustard"
"116";"ybAYM2rjpeMIxNBRfvU3OBaykkHIp5u";"milk"
"1160";"Q1U2bYldkCJHMWtPCmwUdAGptoKKJ2W";"salt"
"1161";"Q1U2bYldkCJHMWtPCmwUdAGptoKKJ2W";"pepper"
"1162";"gP9iX0kxyeV0sr/pETW7c/xaxv0EC.y";"chicken"
"1163";"gP9iX0kxyeV0sr/pETW7c/xaxv0EC.y";"pepper"
"1164";"gP9iX0kxyeV0sr/pETW7c/xaxv0EC.y";"paprika"
"1165";"vk6qdaBVj5s3KYUU32UEgPCWPuLrhpO";"CAKE"
"1166";"vk6qdaBVj5s3KYUU32UEgPCWPuLrhpO";"cake mix"
"1167";"vk6qdaBVj5s3KYUU32UEgPCWPuLrhpO";"coffee"
"1168";"vk6qdaBVj5s3KYUU32UEgPCWPuLrhpO";"coffee"
"1169";"vk6qdaBVj5s3KYUU32UEgPCWPuLrhpO";"coffee"
"117";"ybAYM2rjpeMIxNBRfvU3OBaykkHIp5u";"margarine"
"1170";"vk6qdaBVj5s3KYUU32UEgPCWPuLrhpO";"FILLING"
"1171";"vk6qdaBVj5s3KYUU32UEgPCWPuLrhpO";"cheese"
"1172";"vk6qdaBVj5s3KYUU32UEgPCWPuLrhpO";"sugar"
"1173";"vk6qdaBVj5s3KYUU32UEgPCWPuLrhpO";"coffee"
"1174";"vk6qdaBVj5s3KYUU32UEgPCWPuLrhpO";"FROSTING"
"1175";"vk6qdaBVj5s3KYUU32UEgPCWPuLrhpO";"heavy cream"
"1176";"vk6qdaBVj5s3KYUU32UEgPCWPuLrhpO";"sugar"
"1177";"vk6qdaBVj5s3KYUU32UEgPCWPuLrhpO";"coffee"
"1178";"vk6qdaBVj5s3KYUU32UEgPCWPuLrhpO";"GARNISH"
"1179";"vk6qdaBVj5s3KYUU32UEgPCWPuLrhpO";"cocoa"
"118";"ybAYM2rjpeMIxNBRfvU3OBaykkHIp5u";"pepper"
"1180";"vk6qdaBVj5s3KYUU32UEgPCWPuLrhpO";"chocolate"
"1181";"y2x4T3RKqDRWPE/nntkS6PAs3xWF4J2";"chicken"
"1182";"y2x4T3RKqDRWPE/nntkS6PAs3xWF4J2";"soy sauce"
"1183";"y2x4T3RKqDRWPE/nntkS6PAs3xWF4J2";"ketchup"
"1184";"y2x4T3RKqDRWPE/nntkS6PAs3xWF4J2";"honey"
"1185";"y2x4T3RKqDRWPE/nntkS6PAs3xWF4J2";"garlic"
"1186";"y2x4T3RKqDRWPE/nntkS6PAs3xWF4J2";"basil"
"1187";"en6LkzG2x9aguubKfn/OCPFjIuoyefq";"sugar"
"1188";"en6LkzG2x9aguubKfn/OCPFjIuoyefq";"butter"
"1189";"en6LkzG2x9aguubKfn/OCPFjIuoyefq";"egg"
"119";"ybAYM2rjpeMIxNBRfvU3OBaykkHIp5u";"cheese"
"1190";"en6LkzG2x9aguubKfn/OCPFjIuoyefq";"extract"
"1191";"en6LkzG2x9aguubKfn/OCPFjIuoyefq";"flour"
"1192";"en6LkzG2x9aguubKfn/OCPFjIuoyefq";"baking soda"
"1193";"en6LkzG2x9aguubKfn/OCPFjIuoyefq";"cream of tartar"
"1194";"k/0ilB0FPFGJyF5tsgKL6539BH0VEVu";"butter"
"1195";"k/0ilB0FPFGJyF5tsgKL6539BH0VEVu";"onion"
"1196";"k/0ilB0FPFGJyF5tsgKL6539BH0VEVu";"celery"
"1197";"k/0ilB0FPFGJyF5tsgKL6539BH0VEVu";"medium carrot"
"1198";"k/0ilB0FPFGJyF5tsgKL6539BH0VEVu";"potato"
"1199";"k/0ilB0FPFGJyF5tsgKL6539BH0VEVu";"butter"
"12";"BmqFAmCrDHiKNwX.IQzb0U/v0mLlxFu";"egg"
"120";"MubUROykDQT0pSI.F.pZIQ6FtFu/aVK";"bacon"
"1200";"k/0ilB0FPFGJyF5tsgKL6539BH0VEVu";"chicken"
"1201";"k/0ilB0FPFGJyF5tsgKL6539BH0VEVu";"pepper"
"1202";"CCDjRzzcXR1hPHWtWfYpv8NoFLZK31i";"butter"
"1203";"CCDjRzzcXR1hPHWtWfYpv8NoFLZK31i";"sugar"
"1204";"CCDjRzzcXR1hPHWtWfYpv8NoFLZK31i";"sugar"
"1205";"CCDjRzzcXR1hPHWtWfYpv8NoFLZK31i";"egg"
"1206";"CCDjRzzcXR1hPHWtWfYpv8NoFLZK31i";"extract"
"1207";"CCDjRzzcXR1hPHWtWfYpv8NoFLZK31i";"flour"
"1208";"CCDjRzzcXR1hPHWtWfYpv8NoFLZK31i";"baking soda"
"1209";"CCDjRzzcXR1hPHWtWfYpv8NoFLZK31i";"cinnamon"
"121";"MubUROykDQT0pSI.F.pZIQ6FtFu/aVK";"lamb"
"1210";"CCDjRzzcXR1hPHWtWfYpv8NoFLZK31i";"salt"
"1211";"CCDjRzzcXR1hPHWtWfYpv8NoFLZK31i";"oats"
"1212";"CCDjRzzcXR1hPHWtWfYpv8NoFLZK31i";"raisins"
"1213";"nC5kyA6pwOBzHTjwBtueESpUOhRpdU2";"beef"
"1214";"nC5kyA6pwOBzHTjwBtueESpUOhRpdU2";"egg"
"1215";"nC5kyA6pwOBzHTjwBtueESpUOhRpdU2";"water"
"1216";"nC5kyA6pwOBzHTjwBtueESpUOhRpdU2";"bread"
"1217";"nC5kyA6pwOBzHTjwBtueESpUOhRpdU2";"onion"
"1218";"nC5kyA6pwOBzHTjwBtueESpUOhRpdU2";"cranberry"
"1219";"nC5kyA6pwOBzHTjwBtueESpUOhRpdU2";"chili sauce"
"122";"MubUROykDQT0pSI.F.pZIQ6FtFu/aVK";"salt"
"1220";"nC5kyA6pwOBzHTjwBtueESpUOhRpdU2";"sugar"
"1221";"nC5kyA6pwOBzHTjwBtueESpUOhRpdU2";"lemon"
"1222";"Pf/Mwj3jtfHVFd6C/R3vk2YPOVmOOCu";"egg"
"1223";"Pf/Mwj3jtfHVFd6C/R3vk2YPOVmOOCu";"water"
"1224";"Pf/Mwj3jtfHVFd6C/R3vk2YPOVmOOCu";"butter"
"1225";"Pf/Mwj3jtfHVFd6C/R3vk2YPOVmOOCu";"oil"
"1226";"Pf/Mwj3jtfHVFd6C/R3vk2YPOVmOOCu";"onion"
"1227";"Pf/Mwj3jtfHVFd6C/R3vk2YPOVmOOCu";"rice"
"1228";"Pf/Mwj3jtfHVFd6C/R3vk2YPOVmOOCu";"soy sauce"
"1229";"Pf/Mwj3jtfHVFd6C/R3vk2YPOVmOOCu";"pepper"
"123";"MubUROykDQT0pSI.F.pZIQ6FtFu/aVK";"pepper"
"1230";"Pf/Mwj3jtfHVFd6C/R3vk2YPOVmOOCu";"chicken"
"1231";"pYQoiez2sS11XIjJc0a4E.a5wqJg5ES";"spaghetti"
"1232";"pYQoiez2sS11XIjJc0a4E.a5wqJg5ES";"oil"
"1233";"pYQoiez2sS11XIjJc0a4E.a5wqJg5ES";"bacon"
"1234";"pYQoiez2sS11XIjJc0a4E.a5wqJg5ES";"oil"
"1235";"pYQoiez2sS11XIjJc0a4E.a5wqJg5ES";"onion"
"1236";"pYQoiez2sS11XIjJc0a4E.a5wqJg5ES";"garlic"
"1237";"pYQoiez2sS11XIjJc0a4E.a5wqJg5ES";"wine"
"1238";"pYQoiez2sS11XIjJc0a4E.a5wqJg5ES";"egg"
"1239";"pYQoiez2sS11XIjJc0a4E.a5wqJg5ES";"cheese"
"124";"MubUROykDQT0pSI.F.pZIQ6FtFu/aVK";"flour"
"1240";"pYQoiez2sS11XIjJc0a4E.a5wqJg5ES";"pepper"
"1241";"pYQoiez2sS11XIjJc0a4E.a5wqJg5ES";"parsley"
"1242";"pYQoiez2sS11XIjJc0a4E.a5wqJg5ES";"cheese"
"1243";"DewqAoiQBFwJLx4XnhtuvOsog5AZgqy";"egg"
"1244";"DewqAoiQBFwJLx4XnhtuvOsog5AZgqy";"milk"
"1245";"DewqAoiQBFwJLx4XnhtuvOsog5AZgqy";"oil"
"1246";"DewqAoiQBFwJLx4XnhtuvOsog5AZgqy";"banana"
"1247";"DewqAoiQBFwJLx4XnhtuvOsog5AZgqy";"sugar"
"1248";"DewqAoiQBFwJLx4XnhtuvOsog5AZgqy";"flour"
"1249";"DewqAoiQBFwJLx4XnhtuvOsog5AZgqy";"baking soda"
"125";"MubUROykDQT0pSI.F.pZIQ6FtFu/aVK";"garlic"
"1250";"DewqAoiQBFwJLx4XnhtuvOsog5AZgqy";"salt"
"1251";"DewqAoiQBFwJLx4XnhtuvOsog5AZgqy";"pe"
"1252";"tUWDIKmLqtTQ4xEafcwseftGkDlkh5e";"refrigerated crescent rolls"
"1253";"tUWDIKmLqtTQ4xEafcwseftGkDlkh5e";"beef"
"1254";"tUWDIKmLqtTQ4xEafcwseftGkDlkh5e";"taco"
"1255";"tUWDIKmLqtTQ4xEafcwseftGkDlkh5e";"sour cream"
"1256";"tUWDIKmLqtTQ4xEafcwseftGkDlkh5e";"cheese"
"1257";"tUWDIKmLqtTQ4xEafcwseftGkDlkh5e";"tortilla"
"1258";"t9IcA.7pHTdBxBpvV7xWfsdCH2zNyua";"Sauce"
"1259";"t9IcA.7pHTdBxBpvV7xWfsdCH2zNyua";"water"
"126";"MubUROykDQT0pSI.F.pZIQ6FtFu/aVK";"onion"
"1260";"t9IcA.7pHTdBxBpvV7xWfsdCH2zNyua";"orange"
"1261";"t9IcA.7pHTdBxBpvV7xWfsdCH2zNyua";"lemon"
"1262";"t9IcA.7pHTdBxBpvV7xWfsdCH2zNyua";"vinegar"
"1263";"t9IcA.7pHTdBxBpvV7xWfsdCH2zNyua";"soy sauce"
"1264";"t9IcA.7pHTdBxBpvV7xWfsdCH2zNyua";"orange"
"1265";"t9IcA.7pHTdBxBpvV7xWfsdCH2zNyua";"sugar"
"1266";"t9IcA.7pHTdBxBpvV7xWfsdCH2zNyua";"minced ginger root"
"1267";"t9IcA.7pHTdBxBpvV7xWfsdCH2zNyua";"garlic"
"1268";"t9IcA.7pHTdBxBpvV7xWfsdCH2zNyua";"onion"
"1269";"t9IcA.7pHTdBxBpvV7xWfsdCH2zNyua";"pepper"
"127";"MubUROykDQT0pSI.F.pZIQ6FtFu/aVK";"water"
"1270";"t9IcA.7pHTdBxBpvV7xWfsdCH2zNyua";"corn"
"1271";"t9IcA.7pHTdBxBpvV7xWfsdCH2zNyua";"water"
"1272";"t9IcA.7pHTdBxBpvV7xWfsdCH2zNyua";"Chicken"
"1273";"t9IcA.7pHTdBxBpvV7xWfsdCH2zNyua";"chicken"
"1274";"t9IcA.7pHTdBxBpvV7xWfsdCH2zNyua";"flour"
"1275";"sI6rnLmipYHp7YXdSeXkqdN4pFz5rmq";"chicken"
"1276";"sI6rnLmipYHp7YXdSeXkqdN4pFz5rmq";"lemon"
"1277";"sI6rnLmipYHp7YXdSeXkqdN4pFz5rmq";"salt"
"1279";"sI6rnLmipYHp7YXdSeXkqdN4pFz5rmq";"garlic"
"128";"MubUROykDQT0pSI.F.pZIQ6FtFu/aVK";"beef"
"1280";"sI6rnLmipYHp7YXdSeXkqdN4pFz5rmq";"butter"
"1281";"sI6rnLmipYHp7YXdSeXkqdN4pFz5rmq";"whipping cream"
"1282";"sI6rnLmipYHp7YXdSeXkqdN4pFz5rmq";"capers"
"1283";"KnA9ZCv4JNT9M/4pFpq0rkHZsjyK/tm";"pork"
"1284";"KnA9ZCv4JNT9M/4pFpq0rkHZsjyK/tm";"pepper"
"1285";"KnA9ZCv4JNT9M/4pFpq0rkHZsjyK/tm";"garlic"
"1286";"KnA9ZCv4JNT9M/4pFpq0rkHZsjyK/tm";"onion"
"1287";"KnA9ZCv4JNT9M/4pFpq0rkHZsjyK/tm";"mushroom"
"1288";"KnA9ZCv4JNT9M/4pFpq0rkHZsjyK/tm";"mushroom"
"1289";"HPqJp4JVJSeh6btcuvkqIuIS5S0nTKO";"chicken"
"129";"MubUROykDQT0pSI.F.pZIQ6FtFu/aVK";"sugar"
"1290";"HPqJp4JVJSeh6btcuvkqIuIS5S0nTKO";"butter"
"1291";"HPqJp4JVJSeh6btcuvkqIuIS5S0nTKO";"garlic"
"1293";"HPqJp4JVJSeh6btcuvkqIuIS5S0nTKO";"pasta"
"1294";"HPqJp4JVJSeh6btcuvkqIuIS5S0nTKO";"onion"
"1295";"HPqJp4JVJSeh6btcuvkqIuIS5S0nTKO";"mushroom"
"1296";"HPqJp4JVJSeh6btcuvkqIuIS5S0nTKO";"flour"
"1297";"HPqJp4JVJSeh6btcuvkqIuIS5S0nTKO";"salt"
"1298";"HPqJp4JVJSeh6btcuvkqIuIS5S0nTKO";"pepper"
"1299";"HPqJp4JVJSeh6btcuvkqIuIS5S0nTKO";"milk"
"13";"BmqFAmCrDHiKNwX.IQzb0U/v0mLlxFu";"extract"
"130";"MubUROykDQT0pSI.F.pZIQ6FtFu/aVK";"carrots"
"1301";"HPqJp4JVJSeh6btcuvkqIuIS5S0nTKO";"cheese"
"1302";"HPqJp4JVJSeh6btcuvkqIuIS5S0nTKO";"cheese"
"1303";"HPqJp4JVJSeh6btcuvkqIuIS5S0nTKO";"tomato"
"1304";"HPqJp4JVJSeh6btcuvkqIuIS5S0nTKO";"sour cream"
"1305";"/eNLiYBTX8FYsKibbJDJqs9Ep/Y/FPa";"sausage"
"1306";"/eNLiYBTX8FYsKibbJDJqs9Ep/Y/FPa";"butter"
"1307";"/eNLiYBTX8FYsKibbJDJqs9Ep/Y/FPa";"flour"
"1308";"/eNLiYBTX8FYsKibbJDJqs9Ep/Y/FPa";"milk"
"1309";"/eNLiYBTX8FYsKibbJDJqs9Ep/Y/FPa";"pepper"
"131";"MubUROykDQT0pSI.F.pZIQ6FtFu/aVK";"onion"
"1310";"XgDUviUHvgE9pqdXWO1h9lyNMmlucAS";"oil"
"1311";"XgDUviUHvgE9pqdXWO1h9lyNMmlucAS";"onion"
"1312";"XgDUviUHvgE9pqdXWO1h9lyNMmlucAS";"bean"
"1313";"XgDUviUHvgE9pqdXWO1h9lyNMmlucAS";"corn"
"1314";"XgDUviUHvgE9pqdXWO1h9lyNMmlucAS";"sugar"
"1315";"XgDUviUHvgE9pqdXWO1h9lyNMmlucAS";"salsa"
"1316";"XgDUviUHvgE9pqdXWO1h9lyNMmlucAS";"pepper"
"1317";"XgDUviUHvgE9pqdXWO1h9lyNMmlucAS";"butter"
"1318";"XgDUviUHvgE9pqdXWO1h9lyNMmlucAS";"flour"
"1319";"XgDUviUHvgE9pqdXWO1h9lyNMmlucAS";"cheese"
"132";"MubUROykDQT0pSI.F.pZIQ6FtFu/aVK";"potato"
"1320";"lrKm5rIS.8fIG4ITVZAL3yRJBnRXIh.";"oil"
"1321";"lrKm5rIS.8fIG4ITVZAL3yRJBnRXIh.";"garlic"
"1322";"lrKm5rIS.8fIG4ITVZAL3yRJBnRXIh.";"chicken"
"1323";"lrKm5rIS.8fIG4ITVZAL3yRJBnRXIh.";"spinach"
"1325";"lrKm5rIS.8fIG4ITVZAL3yRJBnRXIh.";"pesto"
"1326";"lrKm5rIS.8fIG4ITVZAL3yRJBnRXIh.";"pasta"
"1327";"lrKm5rIS.8fIG4ITVZAL3yRJBnRXIh.";"cheese"
"1328";"nOJfUpw7DUlq8P/5/QlJBkpq8HZ4Wvm";"paprika"
"1329";"nOJfUpw7DUlq8P/5/QlJBkpq8HZ4Wvm";"salt"
"133";"MubUROykDQT0pSI.F.pZIQ6FtFu/aVK";"thyme"
"1330";"nOJfUpw7DUlq8P/5/QlJBkpq8HZ4Wvm";"garlic"
"1331";"nOJfUpw7DUlq8P/5/QlJBkpq8HZ4Wvm";"pepper"
"1332";"nOJfUpw7DUlq8P/5/QlJBkpq8HZ4Wvm";"onion"
"1333";"nOJfUpw7DUlq8P/5/QlJBkpq8HZ4Wvm";"pepper"
"1335";"nOJfUpw7DUlq8P/5/QlJBkpq8HZ4Wvm";"thyme"
"1336";"nOJfUpw7DUlq8P/5/QlJBkpq8HZ4Wvm";"oil"
"1338";"KKZtgo.G0gFZKW3L6MATYU9JXh.7MQG";"egg"
"1339";"KKZtgo.G0gFZKW3L6MATYU9JXh.7MQG";"oil"
"134";"MubUROykDQT0pSI.F.pZIQ6FtFu/aVK";"bay"
"1340";"KKZtgo.G0gFZKW3L6MATYU9JXh.7MQG";"chicken"
"1341";"KKZtgo.G0gFZKW3L6MATYU9JXh.7MQG";"salt"
"1343";"KKZtgo.G0gFZKW3L6MATYU9JXh.7MQG";"celery"
"1344";"KKZtgo.G0gFZKW3L6MATYU9JXh.7MQG";"onion"
"1345";"KKZtgo.G0gFZKW3L6MATYU9JXh.7MQG";"corn"
"1346";"KKZtgo.G0gFZKW3L6MATYU9JXh.7MQG";"water"
"1347";"KKZtgo.G0gFZKW3L6MATYU9JXh.7MQG";"chicken"
"1348";"9ZDFzVr8q1FVR5cbD2t136VnIPF8F1u";"oil"
"1349";"9ZDFzVr8q1FVR5cbD2t136VnIPF8F1u";"sugar"
"135";"MubUROykDQT0pSI.F.pZIQ6FtFu/aVK";"wine"
"1350";"9ZDFzVr8q1FVR5cbD2t136VnIPF8F1u";"extract"
"1351";"9ZDFzVr8q1FVR5cbD2t136VnIPF8F1u";"egg"
"1352";"9ZDFzVr8q1FVR5cbD2t136VnIPF8F1u";"flour"
"1353";"9ZDFzVr8q1FVR5cbD2t136VnIPF8F1u";"cocoa"
"1354";"9ZDFzVr8q1FVR5cbD2t136VnIPF8F1u";"baking powder"
"1355";"9ZDFzVr8q1FVR5cbD2t136VnIPF8F1u";"salt"
"1356";"9ZDFzVr8q1FVR5cbD2t136VnIPF8F1u";"walnuts"
"1357";"QRgBSl.8xaXDuJMmqkZMwnkGGnTSR1S";"flour"
"1358";"QRgBSl.8xaXDuJMmqkZMwnkGGnTSR1S";"salt"
"1359";"QRgBSl.8xaXDuJMmqkZMwnkGGnTSR1S";"butter"
"136";"MV4wp/7ZxjlGseBT0psPW91AIeHvQ1W";"flour"
"1360";"QRgBSl.8xaXDuJMmqkZMwnkGGnTSR1S";"water"
"1361";"gcgtrvOh8qYAs5bRAk65ic9KfdBESLi";"rice"
"1362";"gcgtrvOh8qYAs5bRAk65ic9KfdBESLi";"water"
"1363";"gcgtrvOh8qYAs5bRAk65ic9KfdBESLi";"chicken"
"1364";"gcgtrvOh8qYAs5bRAk65ic9KfdBESLi";"cheese"
"1365";"gcgtrvOh8qYAs5bRAk65ic9KfdBESLi";"cheese"
"1366";"gcgtrvOh8qYAs5bRAk65ic9KfdBESLi";"chicken"
"1367";"gcgtrvOh8qYAs5bRAk65ic9KfdBESLi";"mushroom"
"1368";"gcgtrvOh8qYAs5bRAk65ic9KfdBESLi";"onion"
"1369";"gcgtrvOh8qYAs5bRAk65ic9KfdBESLi";"salsa"
"137";"MV4wp/7ZxjlGseBT0psPW91AIeHvQ1W";"sugar"
"1370";"IuukS2bbvqnzcclmWGxAlH/oCXRifma";"chicken"
"1371";"IuukS2bbvqnzcclmWGxAlH/oCXRifma";"ginger"
"1372";"IuukS2bbvqnzcclmWGxAlH/oCXRifma";"soy sauce"
"1373";"IuukS2bbvqnzcclmWGxAlH/oCXRifma";"butter"
"1374";"IuukS2bbvqnzcclmWGxAlH/oCXRifma";"honey"
"1375";"IuukS2bbvqnzcclmWGxAlH/oCXRifma";"chile"
"1376";"IuukS2bbvqnzcclmWGxAlH/oCXRifma";"garlic"
"1377";"IuukS2bbvqnzcclmWGxAlH/oCXRifma";"noodle"
"1378";"IuukS2bbvqnzcclmWGxAlH/oCXRifma";"onion"
"1379";"IuukS2bbvqnzcclmWGxAlH/oCXRifma";"peanuts"
"138";"MV4wp/7ZxjlGseBT0psPW91AIeHvQ1W";"salt"
"1380";"lCJzmSnznCT4EsW55eeTo3hu74C/4iW";"macaroni"
"1381";"lCJzmSnznCT4EsW55eeTo3hu74C/4iW";"tuna"
"1382";"lCJzmSnznCT4EsW55eeTo3hu74C/4iW";"chicken"
"1383";"lCJzmSnznCT4EsW55eeTo3hu74C/4iW";"cheese"
"1384";"lCJzmSnznCT4EsW55eeTo3hu74C/4iW";"onion"
"1385";"KOkJVAOORs8fUa9QH9uWIMFtHTu9hx2";"potato"
"1386";"KOkJVAOORs8fUa9QH9uWIMFtHTu9hx2";"garlic"
"1387";"KOkJVAOORs8fUa9QH9uWIMFtHTu9hx2";"chicken"
"1388";"KOkJVAOORs8fUa9QH9uWIMFtHTu9hx2";"sour cream"
"1389";"KOkJVAOORs8fUa9QH9uWIMFtHTu9hx2";"cheese"
"139";"MV4wp/7ZxjlGseBT0psPW91AIeHvQ1W";"baking powder"
"1390";"KOkJVAOORs8fUa9QH9uWIMFtHTu9hx2";"butter"
"1391";"KOkJVAOORs8fUa9QH9uWIMFtHTu9hx2";"pepper"
"1392";"iA.aYX4CABHw9kXuYEyEtkL84udgWWq";"salsa"
"1393";"iA.aYX4CABHw9kXuYEyEtkL84udgWWq";"taco"
"1394";"iA.aYX4CABHw9kXuYEyEtkL84udgWWq";"lime juiced"
"1395";"iA.aYX4CABHw9kXuYEyEtkL84udgWWq";"cilantro"
"1396";"iA.aYX4CABHw9kXuYEyEtkL84udgWWq";"chicken"
"1397";"kg5faWUhNtmGPjkiQy3pSwpwppzo/0q";"oil"
"1398";"kg5faWUhNtmGPjkiQy3pSwpwppzo/0q";"soy sauce"
"1399";"kg5faWUhNtmGPjkiQy3pSwpwppzo/0q";"vinegar"
"14";"BmqFAmCrDHiKNwX.IQzb0U/v0mLlxFu";"flour"
"140";"MV4wp/7ZxjlGseBT0psPW91AIeHvQ1W";"oil"
"1400";"kg5faWUhNtmGPjkiQy3pSwpwppzo/0q";"lemon"
"1401";"kg5faWUhNtmGPjkiQy3pSwpwppzo/0q";"Worcestershire sauce"
"1402";"kg5faWUhNtmGPjkiQy3pSwpwppzo/0q";"mustard"
"1403";"kg5faWUhNtmGPjkiQy3pSwpwppzo/0q";"garlic"
"1404";"kg5faWUhNtmGPjkiQy3pSwpwppzo/0q";"pepper"
"1405";"kg5faWUhNtmGPjkiQy3pSwpwppzo/0q";"tea"
"1406";"WgW3rXBbkIWkngaAnl8tIuTA5ruU.W2";"bacon"
"1407";"WgW3rXBbkIWkngaAnl8tIuTA5ruU.W2";"broccoli"
"1408";"WgW3rXBbkIWkngaAnl8tIuTA5ruU.W2";"cheese"
"1409";"WgW3rXBbkIWkngaAnl8tIuTA5ruU.W2";"onion"
"141";"MV4wp/7ZxjlGseBT0psPW91AIeHvQ1W";"egg"
"1410";"WgW3rXBbkIWkngaAnl8tIuTA5ruU.W2";"vinegar"
"1411";"WgW3rXBbkIWkngaAnl8tIuTA5ruU.W2";"sugar"
"1412";"WgW3rXBbkIWkngaAnl8tIuTA5ruU.W2";"pepper"
"1413";"WgW3rXBbkIWkngaAnl8tIuTA5ruU.W2";"salt"
"1414";"WgW3rXBbkIWkngaAnl8tIuTA5ruU.W2";"mayonnaise"
"1415";"WgW3rXBbkIWkngaAnl8tIuTA5ruU.W2";"lemon"
"1416";"EnoInH/ar3x34KbynCWEFdVnllrihoy";"sugar"
"1417";"EnoInH/ar3x34KbynCWEFdVnllrihoy";"corn"
"1418";"EnoInH/ar3x34KbynCWEFdVnllrihoy";"salt"
"1419";"EnoInH/ar3x34KbynCWEFdVnllrihoy";"cinnamon"
"142";"MV4wp/7ZxjlGseBT0psPW91AIeHvQ1W";"milk"
"1420";"EnoInH/ar3x34KbynCWEFdVnllrihoy";"blueberries"
"1421";"EnoInH/ar3x34KbynCWEFdVnllrihoy";"crust"
"1422";"EnoInH/ar3x34KbynCWEFdVnllrihoy";"butter"
"1423";"frX/wbY2CBINLoBPxVL11uSqn8aUUVW";"pasta"
"1424";"frX/wbY2CBINLoBPxVL11uSqn8aUUVW";"onion"
"1425";"frX/wbY2CBINLoBPxVL11uSqn8aUUVW";"oil"
"1426";"frX/wbY2CBINLoBPxVL11uSqn8aUUVW";"garlic"
"1427";"frX/wbY2CBINLoBPxVL11uSqn8aUUVW";"chicken"
"1428";"frX/wbY2CBINLoBPxVL11uSqn8aUUVW";"artichoke"
"1429";"frX/wbY2CBINLoBPxVL11uSqn8aUUVW";"tomato"
"143";"MV4wp/7ZxjlGseBT0psPW91AIeHvQ1W";"blueberries"
"1430";"frX/wbY2CBINLoBPxVL11uSqn8aUUVW";"cheese"
"1431";"frX/wbY2CBINLoBPxVL11uSqn8aUUVW";"parsley"
"1432";"frX/wbY2CBINLoBPxVL11uSqn8aUUVW";"lemon"
"1434";"frX/wbY2CBINLoBPxVL11uSqn8aUUVW";"pepper"
"1435";"frX/wbY2CBINLoBPxVL11uSqn8aUUVW";"lemon"
"1436";"FuZY5DP2PCZYzN69CkQvoi98cgXrPcq";"coconut"
"1438";"FuZY5DP2PCZYzN69CkQvoi98cgXrPcq";"egg"
"1439";"FuZY5DP2PCZYzN69CkQvoi98cgXrPcq";"sugar"
"144";"MV4wp/7ZxjlGseBT0psPW91AIeHvQ1W";"sugar"
"1440";"FuZY5DP2PCZYzN69CkQvoi98cgXrPcq";"flour"
"1441";"FuZY5DP2PCZYzN69CkQvoi98cgXrPcq";"salt"
"1442";"FuZY5DP2PCZYzN69CkQvoi98cgXrPcq";"extract"
"1443";"FuZY5DP2PCZYzN69CkQvoi98cgXrPcq";"pie shell"
"1444";"FuZY5DP2PCZYzN69CkQvoi98cgXrPcq";"frozen whipped topping thawed"
"1445";"xOLcmvRHDocwMRHHPcLyu73bfRz6Ga6";"onion"
"1446";"xOLcmvRHDocwMRHHPcLyu73bfRz6Ga6";"flour"
"1447";"xOLcmvRHDocwMRHHPcLyu73bfRz6Ga6";"baking powder"
"1448";"xOLcmvRHDocwMRHHPcLyu73bfRz6Ga6";"salt"
"1449";"xOLcmvRHDocwMRHHPcLyu73bfRz6Ga6";"egg"
"145";"MV4wp/7ZxjlGseBT0psPW91AIeHvQ1W";"flour"
"1450";"xOLcmvRHDocwMRHHPcLyu73bfRz6Ga6";"milk"
"1451";"xOLcmvRHDocwMRHHPcLyu73bfRz6Ga6";"bread"
"1452";"xOLcmvRHDocwMRHHPcLyu73bfRz6Ga6";"salt"
"1453";"xOLcmvRHDocwMRHHPcLyu73bfRz6Ga6";"oil"
"1454";"Z98smn8ov9kuXJQPFM2S/ZUEYcFGjk.";"butter"
"1455";"Z98smn8ov9kuXJQPFM2S/ZUEYcFGjk.";"egg"
"1456";"Z98smn8ov9kuXJQPFM2S/ZUEYcFGjk.";"onion"
"1457";"Z98smn8ov9kuXJQPFM2S/ZUEYcFGjk.";"celery"
"1458";"Z98smn8ov9kuXJQPFM2S/ZUEYcFGjk.";"garlic"
"1459";"Z98smn8ov9kuXJQPFM2S/ZUEYcFGjk.";"mushroom"
"146";"MV4wp/7ZxjlGseBT0psPW91AIeHvQ1W";"butter"
"1460";"Z98smn8ov9kuXJQPFM2S/ZUEYcFGjk.";"flour"
"1461";"Z98smn8ov9kuXJQPFM2S/ZUEYcFGjk.";"milk"
"1462";"Z98smn8ov9kuXJQPFM2S/ZUEYcFGjk.";"pepper"
"1463";"Z98smn8ov9kuXJQPFM2S/ZUEYcFGjk.";"tuna"
"1465";"Z98smn8ov9kuXJQPFM2S/ZUEYcFGjk.";"bread"
"1466";"Z98smn8ov9kuXJQPFM2S/ZUEYcFGjk.";"butter"
"1467";"Z98smn8ov9kuXJQPFM2S/ZUEYcFGjk.";"cheese"
"1468";"AiDcAUzRwgdX52NVlrtfmNWVUYCtUai";"butter"
"1469";"AiDcAUzRwgdX52NVlrtfmNWVUYCtUai";"sugar"
"147";"MV4wp/7ZxjlGseBT0psPW91AIeHvQ1W";"cinnamon"
"1470";"AiDcAUzRwgdX52NVlrtfmNWVUYCtUai";"egg"
"1471";"AiDcAUzRwgdX52NVlrtfmNWVUYCtUai";"milk"
"1472";"AiDcAUzRwgdX52NVlrtfmNWVUYCtUai";"extract"
"1473";"AiDcAUzRwgdX52NVlrtfmNWVUYCtUai";"flour"
"1474";"AiDcAUzRwgdX52NVlrtfmNWVUYCtUai";"baking powder"
"1475";"AiDcAUzRwgdX52NVlrtfmNWVUYCtUai";"salt"
"1476";"0F5M8sTP066l89VelFsjzD4jJM3mvQu";"bread"
"1477";"0F5M8sTP066l89VelFsjzD4jJM3mvQu";"egg"
"1478";"0F5M8sTP066l89VelFsjzD4jJM3mvQu";"milk"
"1479";"0F5M8sTP066l89VelFsjzD4jJM3mvQu";"sugar"
"148";"VQF9R/8uOgzCTKrPg.TnlcbeeNkRwzO";"cheese"
"1480";"0F5M8sTP066l89VelFsjzD4jJM3mvQu";"salt"
"1481";"0F5M8sTP066l89VelFsjzD4jJM3mvQu";"extract"
"1482";"0F5M8sTP066l89VelFsjzD4jJM3mvQu";"margarine"
"1483";"0F5M8sTP066l89VelFsjzD4jJM3mvQu";"cinnamon"
"1484";"8B/x9YY6XVKrFT3RQqDRJZIlhVmcE.e";"pork"
"1485";"8B/x9YY6XVKrFT3RQqDRJZIlhVmcE.e";"garlic"
"1486";"8B/x9YY6XVKrFT3RQqDRJZIlhVmcE.e";"pepper"
"1487";"8B/x9YY6XVKrFT3RQqDRJZIlhVmcE.e";"salt"
"1488";"8B/x9YY6XVKrFT3RQqDRJZIlhVmcE.e";"barbeque sauce"
"1489";"axWlJ7IURfIDCNafYnpz8Lu0QlQ3cVG";"oil"
"149";"VQF9R/8uOgzCTKrPg.TnlcbeeNkRwzO";"butter"
"1490";"axWlJ7IURfIDCNafYnpz8Lu0QlQ3cVG";"sugar"
"1491";"axWlJ7IURfIDCNafYnpz8Lu0QlQ3cVG";"extract"
"1492";"axWlJ7IURfIDCNafYnpz8Lu0QlQ3cVG";"almond"
"1493";"axWlJ7IURfIDCNafYnpz8Lu0QlQ3cVG";"egg"
"1494";"axWlJ7IURfIDCNafYnpz8Lu0QlQ3cVG";"flour"
"1495";"axWlJ7IURfIDCNafYnpz8Lu0QlQ3cVG";"salt"
"1496";"axWlJ7IURfIDCNafYnpz8Lu0QlQ3cVG";"baking powder"
"1497";"axWlJ7IURfIDCNafYnpz8Lu0QlQ3cVG";"cranberries"
"1498";"axWlJ7IURfIDCNafYnpz8Lu0QlQ3cVG";"pistachio nuts"
"1499";"EZG4FDvEphRBLgOpNK2guiQouHro5BW";"ham"
"15";"BmqFAmCrDHiKNwX.IQzb0U/v0mLlxFu";"baking soda"
"150";"VQF9R/8uOgzCTKrPg.TnlcbeeNkRwzO";"mayonnaise"
"1500";"EZG4FDvEphRBLgOpNK2guiQouHro5BW";"instant vanilla pudding mix"
"1501";"EZG4FDvEphRBLgOpNK2guiQouHro5BW";"milk"
"1502";"EZG4FDvEphRBLgOpNK2guiQouHro5BW";"frozen whipped topping thawed"
"1503";"EZG4FDvEphRBLgOpNK2guiQouHro5BW";"chocolate"
"1504";"jSmMwcP/SgMKoBjXIVB2hpgmYDurZbq";"wheat bran"
"1505";"jSmMwcP/SgMKoBjXIVB2hpgmYDurZbq";"milk"
"1506";"jSmMwcP/SgMKoBjXIVB2hpgmYDurZbq";"oil"
"1507";"jSmMwcP/SgMKoBjXIVB2hpgmYDurZbq";"egg"
"1508";"jSmMwcP/SgMKoBjXIVB2hpgmYDurZbq";"sugar"
"1509";"jSmMwcP/SgMKoBjXIVB2hpgmYDurZbq";"extract"
"151";"VQF9R/8uOgzCTKrPg.TnlcbeeNkRwzO";"lemon"
"1510";"jSmMwcP/SgMKoBjXIVB2hpgmYDurZbq";"flour"
"1511";"jSmMwcP/SgMKoBjXIVB2hpgmYDurZbq";"baking soda"
"1512";"jSmMwcP/SgMKoBjXIVB2hpgmYDurZbq";"baking powder"
"1513";"jSmMwcP/SgMKoBjXIVB2hpgmYDurZbq";"salt"
"1514";"jSmMwcP/SgMKoBjXIVB2hpgmYDurZbq";"raisins"
"1515";"GZ8rIWgmg5Pm6Rl1iszO/le/uiBR3BO";"salmon"
"1516";"GZ8rIWgmg5Pm6Rl1iszO/le/uiBR3BO";"garlic"
"1517";"GZ8rIWgmg5Pm6Rl1iszO/le/uiBR3BO";"wine"
"1518";"GZ8rIWgmg5Pm6Rl1iszO/le/uiBR3BO";"honey"
"1519";"GZ8rIWgmg5Pm6Rl1iszO/le/uiBR3BO";"vinegar"
"152";"VQF9R/8uOgzCTKrPg.TnlcbeeNkRwzO";"basil"
"1520";"GZ8rIWgmg5Pm6Rl1iszO/le/uiBR3BO";"mustard"
"1521";"GZ8rIWgmg5Pm6Rl1iszO/le/uiBR3BO";"pepper"
"1522";"GZ8rIWgmg5Pm6Rl1iszO/le/uiBR3BO";"oregano"
"1523";"2UMxx.Clwo5l7liwj.7EIdATFcpbHem";"mayonnaise"
"1524";"2UMxx.Clwo5l7liwj.7EIdATFcpbHem";"mustard"
"1525";"2UMxx.Clwo5l7liwj.7EIdATFcpbHem";"honey"
"1526";"2UMxx.Clwo5l7liwj.7EIdATFcpbHem";"lemon"
"1527";"3L6neG9u5YwW4eLKnKSGqKos6v1aixu";"vinegar"
"1528";"3L6neG9u5YwW4eLKnKSGqKos6v1aixu";"soy sauce"
"1529";"3L6neG9u5YwW4eLKnKSGqKos6v1aixu";"garlic"
"153";"VQF9R/8uOgzCTKrPg.TnlcbeeNkRwzO";"pepper"
"1530";"3L6neG9u5YwW4eLKnKSGqKos6v1aixu";"honey"
"1531";"3L6neG9u5YwW4eLKnKSGqKos6v1aixu";"oil"
"1532";"3L6neG9u5YwW4eLKnKSGqKos6v1aixu";"pepper"
"1533";"3L6neG9u5YwW4eLKnKSGqKos6v1aixu";"Worcestershire sauce"
"1534";"3L6neG9u5YwW4eLKnKSGqKos6v1aixu";"onion"
"1535";"3L6neG9u5YwW4eLKnKSGqKos6v1aixu";"salt"
"1537";"3L6neG9u5YwW4eLKnKSGqKos6v1aixu";"pepper"
"1538";"3L6neG9u5YwW4eLKnKSGqKos6v1aixu";"tea"
"1539";"iICDD6ezjsRATfAn/M6BmQ1ZqiaJdo2";"butter"
"154";"VQF9R/8uOgzCTKrPg.TnlcbeeNkRwzO";"onion"
"1540";"iICDD6ezjsRATfAn/M6BmQ1ZqiaJdo2";"onion"
"1541";"iICDD6ezjsRATfAn/M6BmQ1ZqiaJdo2";"celery"
"1542";"iICDD6ezjsRATfAn/M6BmQ1ZqiaJdo2";"chicken"
"1543";"iICDD6ezjsRATfAn/M6BmQ1ZqiaJdo2";"broccoli"
"1544";"iICDD6ezjsRATfAn/M6BmQ1ZqiaJdo2";"butter"
"1545";"iICDD6ezjsRATfAn/M6BmQ1ZqiaJdo2";"flour"
"1546";"iICDD6ezjsRATfAn/M6BmQ1ZqiaJdo2";"milk"
"1547";"iICDD6ezjsRATfAn/M6BmQ1ZqiaJdo2";"pepper"
"1548";"UrAhFxT7pmnIsD7wGvI97qt6aCmRnZS";"egg"
"1549";"UrAhFxT7pmnIsD7wGvI97qt6aCmRnZS";"sugar"
"155";"VQF9R/8uOgzCTKrPg.TnlcbeeNkRwzO";"salt"
"1550";"UrAhFxT7pmnIsD7wGvI97qt6aCmRnZS";"oil"
"1551";"UrAhFxT7pmnIsD7wGvI97qt6aCmRnZS";"pumpkin"
"1552";"UrAhFxT7pmnIsD7wGvI97qt6aCmRnZS";"flour"
"1553";"UrAhFxT7pmnIsD7wGvI97qt6aCmRnZS";"baking powder"
"1554";"UrAhFxT7pmnIsD7wGvI97qt6aCmRnZS";"baking soda"
"1555";"UrAhFxT7pmnIsD7wGvI97qt6aCmRnZS";"cinnamon"
"1556";"UrAhFxT7pmnIsD7wGvI97qt6aCmRnZS";"salt"
"1557";"UrAhFxT7pmnIsD7wGvI97qt6aCmRnZS";"cheese"
"1558";"UrAhFxT7pmnIsD7wGvI97qt6aCmRnZS";"butter"
"1559";"UrAhFxT7pmnIsD7wGvI97qt6aCmRnZS";"extract"
"156";"VQF9R/8uOgzCTKrPg.TnlcbeeNkRwzO";"tilapia"
"1560";"UrAhFxT7pmnIsD7wGvI97qt6aCmRnZS";"sugar"
"1561";"xT0jS/Rliigyu8hz0iPjjNvs7KRRsJu";"salmon"
"1562";"xT0jS/Rliigyu8hz0iPjjNvs7KRRsJu";"mustard"
"1563";"xT0jS/Rliigyu8hz0iPjjNvs7KRRsJu";"pepper"
"1564";"xT0jS/Rliigyu8hz0iPjjNvs7KRRsJu";"bread"
"1565";"xT0jS/Rliigyu8hz0iPjjNvs7KRRsJu";"butter"
"1566";"JgsRoR.jPThvlIQufUEocK.DFpUmTHG";"flour"
"1567";"JgsRoR.jPThvlIQufUEocK.DFpUmTHG";"cocoa"
"1568";"JgsRoR.jPThvlIQufUEocK.DFpUmTHG";"baking soda"
"1569";"JgsRoR.jPThvlIQufUEocK.DFpUmTHG";"salt"
"157";"wSt5d14gCsdnoX1mc.f9/p2VDGtOCJm";"flour"
"1570";"JgsRoR.jPThvlIQufUEocK.DFpUmTHG";"butter"
"1571";"JgsRoR.jPThvlIQufUEocK.DFpUmTHG";"sugar"
"1572";"JgsRoR.jPThvlIQufUEocK.DFpUmTHG";"egg"
"1573";"JgsRoR.jPThvlIQufUEocK.DFpUmTHG";"sour cream"
"1574";"JgsRoR.jPThvlIQufUEocK.DFpUmTHG";"milk"
"1578";"JgsRoR.jPThvlIQufUEocK.DFpUmTHG";"cheese"
"1579";"JgsRoR.jPThvlIQufUEocK.DFpUmTHG";"butter"
"158";"wSt5d14gCsdnoX1mc.f9/p2VDGtOCJm";"baking soda"
"1580";"JgsRoR.jPThvlIQufUEocK.DFpUmTHG";"sour cream"
"1582";"JgsRoR.jPThvlIQufUEocK.DFpUmTHG";"sugar"
"1583";"/2gxW..BQqfXeCa.9FT4HaHW0jF8flW";"chicken"
"1584";"/2gxW..BQqfXeCa.9FT4HaHW0jF8flW";"sour cream"
"1585";"/2gxW..BQqfXeCa.9FT4HaHW0jF8flW";"margarine"
"1586";"/2gxW..BQqfXeCa.9FT4HaHW0jF8flW";"onion"
"1587";"/2gxW..BQqfXeCa.9FT4HaHW0jF8flW";"chili powder"
"1588";"/2gxW..BQqfXeCa.9FT4HaHW0jF8flW";"chicken"
"1589";"/2gxW..BQqfXeCa.9FT4HaHW0jF8flW";"chile"
"159";"wSt5d14gCsdnoX1mc.f9/p2VDGtOCJm";"butter"
"1590";"/2gxW..BQqfXeCa.9FT4HaHW0jF8flW";"flour"
"1591";"/2gxW..BQqfXeCa.9FT4HaHW0jF8flW";"cheese"
"1592";"Gz5K3ijGhhTxpTTJzBe18dFwXfzW38K";"butter"
"1593";"Gz5K3ijGhhTxpTTJzBe18dFwXfzW38K";"onion"
"1594";"Gz5K3ijGhhTxpTTJzBe18dFwXfzW38K";"garlic"
"1595";"Gz5K3ijGhhTxpTTJzBe18dFwXfzW38K";"broccoli"
"1596";"Gz5K3ijGhhTxpTTJzBe18dFwXfzW38K";"crust"
"1597";"Gz5K3ijGhhTxpTTJzBe18dFwXfzW38K";"cheese"
"1598";"Gz5K3ijGhhTxpTTJzBe18dFwXfzW38K";"egg"
"1599";"Gz5K3ijGhhTxpTTJzBe18dFwXfzW38K";"milk"
"16";"BmqFAmCrDHiKNwX.IQzb0U/v0mLlxFu";"water"
"160";"wSt5d14gCsdnoX1mc.f9/p2VDGtOCJm";"sugar"
"1600";"Gz5K3ijGhhTxpTTJzBe18dFwXfzW38K";"salt"
"1601";"Gz5K3ijGhhTxpTTJzBe18dFwXfzW38K";"pepper"
"1602";"Gz5K3ijGhhTxpTTJzBe18dFwXfzW38K";"butter"
"1603";"/I.kF.DcxSPFQDzw4T419Q2cRY0j.7G";"cake mix"
"1604";"/I.kF.DcxSPFQDzw4T419Q2cRY0j.7G";"milk"
"1605";"/I.kF.DcxSPFQDzw4T419Q2cRY0j.7G";"caramel"
"1606";"/I.kF.DcxSPFQDzw4T419Q2cRY0j.7G";"chocolate"
"1607";"/I.kF.DcxSPFQDzw4T419Q2cRY0j.7G";"frozen whipped topping thawed"
"1609";"OhRAklUOzdp6lSClWpFW1iNOD28ciga";"sugar"
"161";"wSt5d14gCsdnoX1mc.f9/p2VDGtOCJm";"sugar"
"1610";"OhRAklUOzdp6lSClWpFW1iNOD28ciga";"salt"
"1611";"OhRAklUOzdp6lSClWpFW1iNOD28ciga";"extract"
"1612";"OhRAklUOzdp6lSClWpFW1iNOD28ciga";"heavy cream"
"1613";"3hlzi2X3tu7Ibzs9M7FjtLoNvK9YDRq";"chicken"
"1614";"3hlzi2X3tu7Ibzs9M7FjtLoNvK9YDRq";"wine"
"1615";"3hlzi2X3tu7Ibzs9M7FjtLoNvK9YDRq";"soy sauce"
"1616";"3hlzi2X3tu7Ibzs9M7FjtLoNvK9YDRq";"oil"
"1617";"3hlzi2X3tu7Ibzs9M7FjtLoNvK9YDRq";"water"
"1618";"3hlzi2X3tu7Ibzs9M7FjtLoNvK9YDRq";"chile"
"1619";"3hlzi2X3tu7Ibzs9M7FjtLoNvK9YDRq";"vinegar"
"162";"wSt5d14gCsdnoX1mc.f9/p2VDGtOCJm";"instant vanilla pudding mix"
"1620";"3hlzi2X3tu7Ibzs9M7FjtLoNvK9YDRq";"sugar"
"1621";"3hlzi2X3tu7Ibzs9M7FjtLoNvK9YDRq";"onion"
"1622";"3hlzi2X3tu7Ibzs9M7FjtLoNvK9YDRq";"garlic"
"1623";"3hlzi2X3tu7Ibzs9M7FjtLoNvK9YDRq";"water"
"1624";"3hlzi2X3tu7Ibzs9M7FjtLoNvK9YDRq";"peanuts"
"1625";"zzkKyv6S9eERX/S2GPg6zuLy.UUY3Ya";"oil"
"1626";"zzkKyv6S9eERX/S2GPg6zuLy.UUY3Ya";"onion"
"1627";"zzkKyv6S9eERX/S2GPg6zuLy.UUY3Ya";"garlic"
"1628";"zzkKyv6S9eERX/S2GPg6zuLy.UUY3Ya";"carrots"
"1629";"zzkKyv6S9eERX/S2GPg6zuLy.UUY3Ya";"chili powder"
"163";"wSt5d14gCsdnoX1mc.f9/p2VDGtOCJm";"egg"
"1630";"zzkKyv6S9eERX/S2GPg6zuLy.UUY3Ya";"cumin"
"1631";"zzkKyv6S9eERX/S2GPg6zuLy.UUY3Ya";"vegetable stock"
"1632";"zzkKyv6S9eERX/S2GPg6zuLy.UUY3Ya";"bean"
"1633";"zzkKyv6S9eERX/S2GPg6zuLy.UUY3Ya";"corn"
"1634";"zzkKyv6S9eERX/S2GPg6zuLy.UUY3Ya";"pepper"
"1635";"zzkKyv6S9eERX/S2GPg6zuLy.UUY3Ya";"stew"
"1636";"drSlco7C3f2Mk59zc6F11P32vAALMLu";"sesame seeds"
"1637";"drSlco7C3f2Mk59zc6F11P32vAALMLu";"pasta"
"1638";"drSlco7C3f2Mk59zc6F11P32vAALMLu";"oil"
"1639";"drSlco7C3f2Mk59zc6F11P32vAALMLu";"soy sauce"
"164";"wSt5d14gCsdnoX1mc.f9/p2VDGtOCJm";"extract"
"1640";"drSlco7C3f2Mk59zc6F11P32vAALMLu";"vinegar"
"1641";"drSlco7C3f2Mk59zc6F11P32vAALMLu";"oil"
"1642";"drSlco7C3f2Mk59zc6F11P32vAALMLu";"sugar"
"1643";"drSlco7C3f2Mk59zc6F11P32vAALMLu";"ginger"
"1644";"drSlco7C3f2Mk59zc6F11P32vAALMLu";"pepper"
"1645";"drSlco7C3f2Mk59zc6F11P32vAALMLu";"chicken"
"1646";"drSlco7C3f2Mk59zc6F11P32vAALMLu";"cilantro"
"1647";"drSlco7C3f2Mk59zc6F11P32vAALMLu";"onion"
"1648";"g7siaXU6eBSxClh7DT41fveAuOyMf7m";"egg"
"1649";"g7siaXU6eBSxClh7DT41fveAuOyMf7m";"oil"
"165";"wSt5d14gCsdnoX1mc.f9/p2VDGtOCJm";"chocolate"
"1650";"g7siaXU6eBSxClh7DT41fveAuOyMf7m";"sugar"
"1651";"g7siaXU6eBSxClh7DT41fveAuOyMf7m";"cinnamon"
"1652";"g7siaXU6eBSxClh7DT41fveAuOyMf7m";"salt"
"1653";"g7siaXU6eBSxClh7DT41fveAuOyMf7m";"extract"
"1654";"g7siaXU6eBSxClh7DT41fveAuOyMf7m";"flour"
"1655";"g7siaXU6eBSxClh7DT41fveAuOyMf7m";"baking soda"
"1656";"g7siaXU6eBSxClh7DT41fveAuOyMf7m";"apple"
"1657";"l99jjjj9HwJsH4lrgpHZQJJP5rJqAUW";"egg"
"1658";"l99jjjj9HwJsH4lrgpHZQJJP5rJqAUW";"mayonnaise"
"1659";"l99jjjj9HwJsH4lrgpHZQJJP5rJqAUW";"mustard"
"166";"wSt5d14gCsdnoX1mc.f9/p2VDGtOCJm";"walnuts"
"1660";"l99jjjj9HwJsH4lrgpHZQJJP5rJqAUW";"onion"
"1661";"l99jjjj9HwJsH4lrgpHZQJJP5rJqAUW";"pepper"
"1662";"l99jjjj9HwJsH4lrgpHZQJJP5rJqAUW";"paprika"
"1663";"QhoaoVSdzzqz.5ih3NqzLVdGIuMRw5m";"sugar"
"1664";"QhoaoVSdzzqz.5ih3NqzLVdGIuMRw5m";"sugar"
"1666";"QhoaoVSdzzqz.5ih3NqzLVdGIuMRw5m";"egg"
"1667";"QhoaoVSdzzqz.5ih3NqzLVdGIuMRw5m";"extract"
"1668";"QhoaoVSdzzqz.5ih3NqzLVdGIuMRw5m";"flour"
"1669";"QhoaoVSdzzqz.5ih3NqzLVdGIuMRw5m";"baking soda"
"167";"unlpjtMrJRWxUfBoSSnSF6G6WIFjKkS";"sausage"
"1670";"QhoaoVSdzzqz.5ih3NqzLVdGIuMRw5m";"salt"
"1671";"QhoaoVSdzzqz.5ih3NqzLVdGIuMRw5m";"milk"
"1672";"mOjCSxtPipGM.QEICDLa67rl1u8.8ES";"salmon"
"1673";"mOjCSxtPipGM.QEICDLa67rl1u8.8ES";"oil"
"1674";"mOjCSxtPipGM.QEICDLa67rl1u8.8ES";"soy sauce"
"1675";"mOjCSxtPipGM.QEICDLa67rl1u8.8ES";"vinegar"
"1676";"mOjCSxtPipGM.QEICDLa67rl1u8.8ES";"onion"
"1677";"mOjCSxtPipGM.QEICDLa67rl1u8.8ES";"sugar"
"1678";"mOjCSxtPipGM.QEICDLa67rl1u8.8ES";"garlic"
"1679";"mOjCSxtPipGM.QEICDLa67rl1u8.8ES";"ginger"
"168";"unlpjtMrJRWxUfBoSSnSF6G6WIFjKkS";"beef"
"1680";"mOjCSxtPipGM.QEICDLa67rl1u8.8ES";"pepper"
"1681";"mOjCSxtPipGM.QEICDLa67rl1u8.8ES";"oil"
"1682";"mOjCSxtPipGM.QEICDLa67rl1u8.8ES";"salt"
"1683";"62TNyJih0KgRoQHmUXoaXL8BaJ2sXBq";"uncooked couscous"
"1684";"62TNyJih0KgRoQHmUXoaXL8BaJ2sXBq";"chicken"
"1685";"62TNyJih0KgRoQHmUXoaXL8BaJ2sXBq";"oil"
"1687";"62TNyJih0KgRoQHmUXoaXL8BaJ2sXBq";"vinegar"
"1688";"62TNyJih0KgRoQHmUXoaXL8BaJ2sXBq";"cumin"
"1689";"62TNyJih0KgRoQHmUXoaXL8BaJ2sXBq";"onion"
"169";"unlpjtMrJRWxUfBoSSnSF6G6WIFjKkS";"onion"
"1690";"62TNyJih0KgRoQHmUXoaXL8BaJ2sXBq";"pepper"
"1691";"62TNyJih0KgRoQHmUXoaXL8BaJ2sXBq";"cilantro"
"1692";"62TNyJih0KgRoQHmUXoaXL8BaJ2sXBq";"corn"
"1693";"62TNyJih0KgRoQHmUXoaXL8BaJ2sXBq";"bean"
"1694";"62TNyJih0KgRoQHmUXoaXL8BaJ2sXBq";"pepper"
"1695";"O2p4Fk8ZW0kNC4TKEG1B58ugAgHyAGy";"beef"
"1696";"O2p4Fk8ZW0kNC4TKEG1B58ugAgHyAGy";"onion"
"1697";"O2p4Fk8ZW0kNC4TKEG1B58ugAgHyAGy";"pepper"
"1698";"O2p4Fk8ZW0kNC4TKEG1B58ugAgHyAGy";"tomato"
"1699";"O2p4Fk8ZW0kNC4TKEG1B58ugAgHyAGy";"water"
"17";"BmqFAmCrDHiKNwX.IQzb0U/v0mLlxFu";"salt"
"170";"unlpjtMrJRWxUfBoSSnSF6G6WIFjKkS";"garlic"
"1700";"O2p4Fk8ZW0kNC4TKEG1B58ugAgHyAGy";"rice"
"1701";"O2p4Fk8ZW0kNC4TKEG1B58ugAgHyAGy";"chile"
"1702";"O2p4Fk8ZW0kNC4TKEG1B58ugAgHyAGy";"salt"
"1703";"O2p4Fk8ZW0kNC4TKEG1B58ugAgHyAGy";"sugar"
"1704";"O2p4Fk8ZW0kNC4TKEG1B58ugAgHyAGy";"cumin"
"1705";"O2p4Fk8ZW0kNC4TKEG1B58ugAgHyAGy";"Worcestershire sauce"
"1706";"O2p4Fk8ZW0kNC4TKEG1B58ugAgHyAGy";"pepper"
"1707";"O2p4Fk8ZW0kNC4TKEG1B58ugAgHyAGy";"cheese"
"1708";"O2p4Fk8ZW0kNC4TKEG1B58ugAgHyAGy";"cilantro"
"1709";"ElsWpXVWCjq0T.HVmNgpya2Zaq.FM1i";"broccoli"
"171";"unlpjtMrJRWxUfBoSSnSF6G6WIFjKkS";"tomato"
"1710";"ElsWpXVWCjq0T.HVmNgpya2Zaq.FM1i";"oil"
"1711";"ElsWpXVWCjq0T.HVmNgpya2Zaq.FM1i";"salt"
"1712";"ElsWpXVWCjq0T.HVmNgpya2Zaq.FM1i";"pepper"
"1713";"ElsWpXVWCjq0T.HVmNgpya2Zaq.FM1i";"garlic"
"1714";"ElsWpXVWCjq0T.HVmNgpya2Zaq.FM1i";"lemon"
"1715";"n9gX9d5Nq1RGOSwgYm6AyVngiN2ymHy";"yeast"
"1716";"n9gX9d5Nq1RGOSwgYm6AyVngiN2ymHy";"water"
"1717";"n9gX9d5Nq1RGOSwgYm6AyVngiN2ymHy";"bread"
"1718";"n9gX9d5Nq1RGOSwgYm6AyVngiN2ymHy";"oil"
"1719";"n9gX9d5Nq1RGOSwgYm6AyVngiN2ymHy";"salt"
"172";"unlpjtMrJRWxUfBoSSnSF6G6WIFjKkS";"tomato"
"1720";"n9gX9d5Nq1RGOSwgYm6AyVngiN2ymHy";"sugar"
"1721";"grXuwSWRtPoeQBP1NdjqIVLLM1VvCBy";"mayonnaise"
"1722";"grXuwSWRtPoeQBP1NdjqIVLLM1VvCBy";"sour cream"
"1723";"grXuwSWRtPoeQBP1NdjqIVLLM1VvCBy";"dry leek soup mix"
"1724";"grXuwSWRtPoeQBP1NdjqIVLLM1VvCBy";"water"
"1725";"grXuwSWRtPoeQBP1NdjqIVLLM1VvCBy";"spinach"
"1726";"grXuwSWRtPoeQBP1NdjqIVLLM1VvCBy";"bread"
"1727";"uR5/f1OyLAkcrOdbR4EAWoG9P9C8FCi";"potato"
"1728";"uR5/f1OyLAkcrOdbR4EAWoG9P9C8FCi";"butter"
"1729";"uR5/f1OyLAkcrOdbR4EAWoG9P9C8FCi";"garlic"
"173";"unlpjtMrJRWxUfBoSSnSF6G6WIFjKkS";"tomato"
"1730";"uR5/f1OyLAkcrOdbR4EAWoG9P9C8FCi";"salt"
"1731";"uR5/f1OyLAkcrOdbR4EAWoG9P9C8FCi";"lemon"
"1732";"uR5/f1OyLAkcrOdbR4EAWoG9P9C8FCi";"cheese"
"1733";"kthfkAITW1H96rLMTwNKS07EDfsGTR6";"sugar"
"1734";"kthfkAITW1H96rLMTwNKS07EDfsGTR6";"oil"
"1735";"kthfkAITW1H96rLMTwNKS07EDfsGTR6";"egg"
"1736";"kthfkAITW1H96rLMTwNKS07EDfsGTR6";"pumpkin"
"1737";"kthfkAITW1H96rLMTwNKS07EDfsGTR6";"water"
"1738";"kthfkAITW1H96rLMTwNKS07EDfsGTR6";"flour"
"1739";"kthfkAITW1H96rLMTwNKS07EDfsGTR6";"baking powder"
"174";"unlpjtMrJRWxUfBoSSnSF6G6WIFjKkS";"water"
"1740";"kthfkAITW1H96rLMTwNKS07EDfsGTR6";"baking soda"
"1742";"kthfkAITW1H96rLMTwNKS07EDfsGTR6";"cinnamon"
"1743";"kthfkAITW1H96rLMTwNKS07EDfsGTR6";"salt"
"1744";"kthfkAITW1H96rLMTwNKS07EDfsGTR6";"nutmeg"
"1745";"kthfkAITW1H96rLMTwNKS07EDfsGTR6";"chocolate"
"1746";"kveKufy3IKp18B9w90Ztb0TO3XF/FLu";"spinach"
"1747";"kveKufy3IKp18B9w90Ztb0TO3XF/FLu";"flour"
"1748";"kveKufy3IKp18B9w90Ztb0TO3XF/FLu";"salt"
"1749";"kveKufy3IKp18B9w90Ztb0TO3XF/FLu";"baking powder"
"175";"unlpjtMrJRWxUfBoSSnSF6G6WIFjKkS";"sugar"
"1750";"kveKufy3IKp18B9w90Ztb0TO3XF/FLu";"egg"
"1751";"kveKufy3IKp18B9w90Ztb0TO3XF/FLu";"milk"
"1752";"kveKufy3IKp18B9w90Ztb0TO3XF/FLu";"butter"
"1753";"kveKufy3IKp18B9w90Ztb0TO3XF/FLu";"onion"
"1754";"kveKufy3IKp18B9w90Ztb0TO3XF/FLu";"cheese"
"1755";".tWveA.bfaMCy6yx0UbeQLYEksb/wr6";"blackberries"
"1756";".tWveA.bfaMCy6yx0UbeQLYEksb/wr6";"raspberries"
"1757";".tWveA.bfaMCy6yx0UbeQLYEksb/wr6";"blueberries"
"1758";".tWveA.bfaMCy6yx0UbeQLYEksb/wr6";"sugar"
"1759";".tWveA.bfaMCy6yx0UbeQLYEksb/wr6";"flour"
"176";"unlpjtMrJRWxUfBoSSnSF6G6WIFjKkS";"basil"
"1760";".tWveA.bfaMCy6yx0UbeQLYEksb/wr6";"oats"
"1761";".tWveA.bfaMCy6yx0UbeQLYEksb/wr6";"sugar"
"1762";".tWveA.bfaMCy6yx0UbeQLYEksb/wr6";"cinnamon"
"1763";".tWveA.bfaMCy6yx0UbeQLYEksb/wr6";"nutmeg"
"1764";".tWveA.bfaMCy6yx0UbeQLYEksb/wr6";"butter"
"1765";"lrNMozSewRkJXjEGdhARZrNAiHM19z6";"cocoa"
"1766";"lrNMozSewRkJXjEGdhARZrNAiHM19z6";"sugar"
"1767";"lrNMozSewRkJXjEGdhARZrNAiHM19z6";"salt"
"1768";"lrNMozSewRkJXjEGdhARZrNAiHM19z6";"water"
"1769";"lrNMozSewRkJXjEGdhARZrNAiHM19z6";"milk"
"177";"unlpjtMrJRWxUfBoSSnSF6G6WIFjKkS";"fennel"
"1770";"lrNMozSewRkJXjEGdhARZrNAiHM19z6";"extract"
"1772";"BUnfyFMb.yQEUpXHY8kYaCt64/QSw7u";"butter"
"1773";"BUnfyFMb.yQEUpXHY8kYaCt64/QSw7u";"sugar"
"1774";"BUnfyFMb.yQEUpXHY8kYaCt64/QSw7u";"sugar"
"1775";"BUnfyFMb.yQEUpXHY8kYaCt64/QSw7u";"egg"
"1776";"BUnfyFMb.yQEUpXHY8kYaCt64/QSw7u";"brandy"
"1777";"BUnfyFMb.yQEUpXHY8kYaCt64/QSw7u";"flour"
"1778";"BUnfyFMb.yQEUpXHY8kYaCt64/QSw7u";"baking soda"
"1779";"BUnfyFMb.yQEUpXHY8kYaCt64/QSw7u";"chocolate"
"1780";"BUnfyFMb.yQEUpXHY8kYaCt64/QSw7u";"cranberries"
"1781";"TMwFndRwoMv17UCkxIsnpW4oD1lQ7y6";"sugar"
"1782";"TMwFndRwoMv17UCkxIsnpW4oD1lQ7y6";"cocoa"
"1783";"TMwFndRwoMv17UCkxIsnpW4oD1lQ7y6";"corn"
"1784";"TMwFndRwoMv17UCkxIsnpW4oD1lQ7y6";"salt"
"1785";"TMwFndRwoMv17UCkxIsnpW4oD1lQ7y6";"milk"
"1786";"TMwFndRwoMv17UCkxIsnpW4oD1lQ7y6";"butter"
"1787";"TMwFndRwoMv17UCkxIsnpW4oD1lQ7y6";"extract"
"1788";"wyBzu2bGN3e75yz3oTupJ6wuzY3L322";"oil"
"1789";"wyBzu2bGN3e75yz3oTupJ6wuzY3L322";"bacon"
"179";"unlpjtMrJRWxUfBoSSnSF6G6WIFjKkS";"salt"
"1790";"wyBzu2bGN3e75yz3oTupJ6wuzY3L322";"onion"
"1791";"wyBzu2bGN3e75yz3oTupJ6wuzY3L322";"garlic"
"1792";"wyBzu2bGN3e75yz3oTupJ6wuzY3L322";"salt"
"1793";"wyBzu2bGN3e75yz3oTupJ6wuzY3L322";"pepper"
"1794";"wyBzu2bGN3e75yz3oTupJ6wuzY3L322";"chicken"
"1795";"wyBzu2bGN3e75yz3oTupJ6wuzY3L322";"pepper"
"1796";"wyBzu2bGN3e75yz3oTupJ6wuzY3L322";"collard greens"
"18";"BmqFAmCrDHiKNwX.IQzb0U/v0mLlxFu";"chocolate"
"180";"unlpjtMrJRWxUfBoSSnSF6G6WIFjKkS";"pepper"
"181";"unlpjtMrJRWxUfBoSSnSF6G6WIFjKkS";"parsley"
"182";"unlpjtMrJRWxUfBoSSnSF6G6WIFjKkS";"noodle"
"183";"unlpjtMrJRWxUfBoSSnSF6G6WIFjKkS";"cheese"
"184";"Kt0fyyj39oSYwc0nb1QeIVS/P45UxPm";"butter"
"185";"Kt0fyyj39oSYwc0nb1QeIVS/P45UxPm";"sugar"
"186";"Kt0fyyj39oSYwc0nb1QeIVS/P45UxPm";"egg"
"187";"Kt0fyyj39oSYwc0nb1QeIVS/P45UxPm";"extract"
"188";"Kt0fyyj39oSYwc0nb1QeIVS/P45UxPm";"cocoa"
"189";"Kt0fyyj39oSYwc0nb1QeIVS/P45UxPm";"flour"
"19";"BmqFAmCrDHiKNwX.IQzb0U/v0mLlxFu";"walnuts"
"190";"Kt0fyyj39oSYwc0nb1QeIVS/P45UxPm";"salt"
"191";"Kt0fyyj39oSYwc0nb1QeIVS/P45UxPm";"baking powder"
"192";"Kt0fyyj39oSYwc0nb1QeIVS/P45UxPm";"Frosting"
"193";"Kt0fyyj39oSYwc0nb1QeIVS/P45UxPm";"butter"
"194";"Kt0fyyj39oSYwc0nb1QeIVS/P45UxPm";"cocoa"
"195";"Kt0fyyj39oSYwc0nb1QeIVS/P45UxPm";"honey"
"196";"Kt0fyyj39oSYwc0nb1QeIVS/P45UxPm";"extract"
"197";"Kt0fyyj39oSYwc0nb1QeIVS/P45UxPm";"sugar"
"198";"6IxFBbINcu1cvybDMy6UFji/ynUox9C";"sugar"
"199";"6IxFBbINcu1cvybDMy6UFji/ynUox9C";"flour"
"20";"N.jCksRjB4MFwbgPFQU8Kg.yF.XCtOi";"pasta"
"200";"6IxFBbINcu1cvybDMy6UFji/ynUox9C";"baking powder"
"201";"6IxFBbINcu1cvybDMy6UFji/ynUox9C";"baking soda"
"202";"6IxFBbINcu1cvybDMy6UFji/ynUox9C";"salt"
"203";"6IxFBbINcu1cvybDMy6UFji/ynUox9C";"raisins"
"204";"6IxFBbINcu1cvybDMy6UFji/ynUox9C";"caraway seeds"
"205";"6IxFBbINcu1cvybDMy6UFji/ynUox9C";"egg"
"206";"6IxFBbINcu1cvybDMy6UFji/ynUox9C";"milk"
"207";"6IxFBbINcu1cvybDMy6UFji/ynUox9C";"sour cream"
"208";"Qdv27B/unN67bh4EB.jH60KfHNQjPpW";"potato"
"209";"Qdv27B/unN67bh4EB.jH60KfHNQjPpW";"celery"
"21";"N.jCksRjB4MFwbgPFQU8Kg.yF.XCtOi";"broccoli"
"210";"Qdv27B/unN67bh4EB.jH60KfHNQjPpW";"onion"
"211";"Qdv27B/unN67bh4EB.jH60KfHNQjPpW";"ham"
"212";"Qdv27B/unN67bh4EB.jH60KfHNQjPpW";"water"
"213";"Qdv27B/unN67bh4EB.jH60KfHNQjPpW";"chicken"
"214";"Qdv27B/unN67bh4EB.jH60KfHNQjPpW";"salt"
"215";"Qdv27B/unN67bh4EB.jH60KfHNQjPpW";"pepper"
"216";"Qdv27B/unN67bh4EB.jH60KfHNQjPpW";"butter"
"217";"Qdv27B/unN67bh4EB.jH60KfHNQjPpW";"flour"
"218";"Qdv27B/unN67bh4EB.jH60KfHNQjPpW";"milk"
"219";"u9.4XrD7E6t4Rfx7xSIfeNtFyMowhuC";"chicken"
"22";"N.jCksRjB4MFwbgPFQU8Kg.yF.XCtOi";"onion"
"220";"u9.4XrD7E6t4Rfx7xSIfeNtFyMowhuC";"carrots"
"221";"u9.4XrD7E6t4Rfx7xSIfeNtFyMowhuC";"frozen green peas"
"222";"u9.4XrD7E6t4Rfx7xSIfeNtFyMowhuC";"celery"
"223";"u9.4XrD7E6t4Rfx7xSIfeNtFyMowhuC";"butter"
"224";"u9.4XrD7E6t4Rfx7xSIfeNtFyMowhuC";"onion"
"225";"u9.4XrD7E6t4Rfx7xSIfeNtFyMowhuC";"flour"
"226";"u9.4XrD7E6t4Rfx7xSIfeNtFyMowhuC";"salt"
"227";"u9.4XrD7E6t4Rfx7xSIfeNtFyMowhuC";"pepper"
"228";"u9.4XrD7E6t4Rfx7xSIfeNtFyMowhuC";"celery"
"229";"u9.4XrD7E6t4Rfx7xSIfeNtFyMowhuC";"chicken"
"23";"N.jCksRjB4MFwbgPFQU8Kg.yF.XCtOi";"garlic"
"230";"u9.4XrD7E6t4Rfx7xSIfeNtFyMowhuC";"milk"
"231";"u9.4XrD7E6t4Rfx7xSIfeNtFyMowhuC";"crust"
"232";"L0PCxyJV0SXAneB/xeVcHLQt5g1PRr6";"milk"
"233";"L0PCxyJV0SXAneB/xeVcHLQt5g1PRr6";"vinegar"
"234";"L0PCxyJV0SXAneB/xeVcHLQt5g1PRr6";"flour"
"235";"L0PCxyJV0SXAneB/xeVcHLQt5g1PRr6";"sugar"
"236";"L0PCxyJV0SXAneB/xeVcHLQt5g1PRr6";"baking powder"
"237";"L0PCxyJV0SXAneB/xeVcHLQt5g1PRr6";"baking soda"
"238";"L0PCxyJV0SXAneB/xeVcHLQt5g1PRr6";"salt"
"239";"L0PCxyJV0SXAneB/xeVcHLQt5g1PRr6";"egg"
"24";"N.jCksRjB4MFwbgPFQU8Kg.yF.XCtOi";"butter"
"240";"L0PCxyJV0SXAneB/xeVcHLQt5g1PRr6";"butter"
"241";"L0PCxyJV0SXAneB/xeVcHLQt5g1PRr6";"cooking spray"
"242";"2.5UveE.bkE3NqxTDFlhk7Xhf6Cw7Mu";"flour"
"243";"2.5UveE.bkE3NqxTDFlhk7Xhf6Cw7Mu";"baking powder"
"244";"2.5UveE.bkE3NqxTDFlhk7Xhf6Cw7Mu";"salt"
"245";"2.5UveE.bkE3NqxTDFlhk7Xhf6Cw7Mu";"sugar"
"246";"2.5UveE.bkE3NqxTDFlhk7Xhf6Cw7Mu";"milk"
"247";"2.5UveE.bkE3NqxTDFlhk7Xhf6Cw7Mu";"egg"
"248";"2.5UveE.bkE3NqxTDFlhk7Xhf6Cw7Mu";"butter"
"249";"NFOSisLons3uKgwIRzlmtxbEuPmBVxm";"flour"
"25";"N.jCksRjB4MFwbgPFQU8Kg.yF.XCtOi";"flour"
"250";"NFOSisLons3uKgwIRzlmtxbEuPmBVxm";"baking soda"
"251";"NFOSisLons3uKgwIRzlmtxbEuPmBVxm";"baking powder"
"252";"NFOSisLons3uKgwIRzlmtxbEuPmBVxm";"salt"
"253";"NFOSisLons3uKgwIRzlmtxbEuPmBVxm";"banana"
"254";"NFOSisLons3uKgwIRzlmtxbEuPmBVxm";"sugar"
"255";"NFOSisLons3uKgwIRzlmtxbEuPmBVxm";"egg"
"256";"NFOSisLons3uKgwIRzlmtxbEuPmBVxm";"butter"
"257";"NFOSisLons3uKgwIRzlmtxbEuPmBVxm";"sugar"
"258";"NFOSisLons3uKgwIRzlmtxbEuPmBVxm";"flour"
"259";"NFOSisLons3uKgwIRzlmtxbEuPmBVxm";"cinnamon"
"26";"N.jCksRjB4MFwbgPFQU8Kg.yF.XCtOi";"salt"
"260";"NFOSisLons3uKgwIRzlmtxbEuPmBVxm";"butter"
"261";"seDVeo8d/hNZt1IoUzSZUtGYseWCoja";"brownie"
"262";"seDVeo8d/hNZt1IoUzSZUtGYseWCoja";"Irish cream liqueur"
"263";"seDVeo8d/hNZt1IoUzSZUtGYseWCoja";"oil"
"264";"seDVeo8d/hNZt1IoUzSZUtGYseWCoja";"egg"
"265";"seDVeo8d/hNZt1IoUzSZUtGYseWCoja";"butter"
"266";"seDVeo8d/hNZt1IoUzSZUtGYseWCoja";"Irish cream liqueur"
"267";"seDVeo8d/hNZt1IoUzSZUtGYseWCoja";"sugar"
"268";"VxibW5ljaeGrBLoIg6HjiAUu5jOodBG";"crust"
"269";"VxibW5ljaeGrBLoIg6HjiAUu5jOodBG";"butter"
"27";"N.jCksRjB4MFwbgPFQU8Kg.yF.XCtOi";"pepper"
"270";"VxibW5ljaeGrBLoIg6HjiAUu5jOodBG";"flour"
"271";"VxibW5ljaeGrBLoIg6HjiAUu5jOodBG";"water"
"272";"VxibW5ljaeGrBLoIg6HjiAUu5jOodBG";"sugar"
"273";"VxibW5ljaeGrBLoIg6HjiAUu5jOodBG";"sugar"
"274";"VxibW5ljaeGrBLoIg6HjiAUu5jOodBG";"apple"
"275";"xrLOYL9osYcG.1Wud7ymkgulTHrojOq";"potato"
"277";"xrLOYL9osYcG.1Wud7ymkgulTHrojOq";"onion"
"278";"xrLOYL9osYcG.1Wud7ymkgulTHrojOq";"butter"
"28";"N.jCksRjB4MFwbgPFQU8Kg.yF.XCtOi";"milk"
"280";"xrLOYL9osYcG.1Wud7ymkgulTHrojOq";"pepper"
"281";"W16LIKfAPvl.JW4REiKBVnrhJLVsjPa";"maple syrup"
"282";"W16LIKfAPvl.JW4REiKBVnrhJLVsjPa";"balsamic"
"283";"W16LIKfAPvl.JW4REiKBVnrhJLVsjPa";"garlic"
"284";"W16LIKfAPvl.JW4REiKBVnrhJLVsjPa";"pepper"
"285";"W16LIKfAPvl.JW4REiKBVnrhJLVsjPa";"pepper"
"286";"W16LIKfAPvl.JW4REiKBVnrhJLVsjPa";"p nutmeg"
"287";"W16LIKfAPvl.JW4REiKBVnrhJLVsjPa";"pepper"
"288";"W16LIKfAPvl.JW4REiKBVnrhJLVsjPa";"chicken"
"289";"W16LIKfAPvl.JW4REiKBVnrhJLVsjPa";"oil"
"29";"N.jCksRjB4MFwbgPFQU8Kg.yF.XCtOi";"cheese"
"290";"I2lwk9BQlPPMKf3yLlc3dLwa67BG0yu";"chicken"
"291";"I2lwk9BQlPPMKf3yLlc3dLwa67BG0yu";"barbeque sauce"
"292";"I2lwk9BQlPPMKf3yLlc3dLwa67BG0yu";"dressing"
"293";"I2lwk9BQlPPMKf3yLlc3dLwa67BG0yu";"sugar"
"294";"I2lwk9BQlPPMKf3yLlc3dLwa67BG0yu";"Worcestershire sauce"
"295";"rky8e0ifBVbpWCFd.vRctUO041Ki7ZO";"chicken"
"296";"rky8e0ifBVbpWCFd.vRctUO041Ki7ZO";"cheese"
"297";"rky8e0ifBVbpWCFd.vRctUO041Ki7ZO";"ham"
"298";"rky8e0ifBVbpWCFd.vRctUO041Ki7ZO";"flour"
"299";"rky8e0ifBVbpWCFd.vRctUO041Ki7ZO";"paprika"
"30";"N.jCksRjB4MFwbgPFQU8Kg.yF.XCtOi";"cheese"
"300";"rky8e0ifBVbpWCFd.vRctUO041Ki7ZO";"butter"
"301";"rky8e0ifBVbpWCFd.vRctUO041Ki7ZO";"wine"
"302";"rky8e0ifBVbpWCFd.vRctUO041Ki7ZO";"chicken"
"303";"rky8e0ifBVbpWCFd.vRctUO041Ki7ZO";"corn"
"304";"rky8e0ifBVbpWCFd.vRctUO041Ki7ZO";"heavy whipping cream"
"305";"Fvbzkkqy1/56JZfR2IgOlVM2Jr..Aku";"ham"
"306";"Fvbzkkqy1/56JZfR2IgOlVM2Jr..Aku";"butter"
"307";"Fvbzkkqy1/56JZfR2IgOlVM2Jr..Aku";"cheese"
"308";"Fvbzkkqy1/56JZfR2IgOlVM2Jr..Aku";"sugar"
"309";"Fvbzkkqy1/56JZfR2IgOlVM2Jr..Aku";"milk"
"31";"N.jCksRjB4MFwbgPFQU8Kg.yF.XCtOi";"bread"
"310";"Fvbzkkqy1/56JZfR2IgOlVM2Jr..Aku";"egg"
"311";"Fvbzkkqy1/56JZfR2IgOlVM2Jr..Aku";"sour cream"
"312";"Fvbzkkqy1/56JZfR2IgOlVM2Jr..Aku";"extract"
"313";"Fvbzkkqy1/56JZfR2IgOlVM2Jr..Aku";"flour"
"314";"/Zcq7FFI9oOzqwcuY9zEsddkJDP9XbG";"corn"
"315";"/Zcq7FFI9oOzqwcuY9zEsddkJDP9XbG";"water"
"316";"/Zcq7FFI9oOzqwcuY9zEsddkJDP9XbG";"sugar"
"317";"/Zcq7FFI9oOzqwcuY9zEsddkJDP9XbG";"soy sauce"
"318";"/Zcq7FFI9oOzqwcuY9zEsddkJDP9XbG";"vinegar"
"319";"/Zcq7FFI9oOzqwcuY9zEsddkJDP9XbG";"garlic"
"32";"N.jCksRjB4MFwbgPFQU8Kg.yF.XCtOi";"ReynoldWrap Aluminum Foil"
"320";"/Zcq7FFI9oOzqwcuY9zEsddkJDP9XbG";"ginger"
"321";"/Zcq7FFI9oOzqwcuY9zEsddkJDP9XbG";"pepper"
"322";"/Zcq7FFI9oOzqwcuY9zEsddkJDP9XbG";"chicken"
"323";"99PNE9tq7cmoGh5LvVtzOhXxYiw9qnC";"avocado"
"324";"99PNE9tq7cmoGh5LvVtzOhXxYiw9qnC";"lime juiced"
"325";"99PNE9tq7cmoGh5LvVtzOhXxYiw9qnC";"salt"
"326";"99PNE9tq7cmoGh5LvVtzOhXxYiw9qnC";"onion"
"327";"99PNE9tq7cmoGh5LvVtzOhXxYiw9qnC";"cilantro"
"328";"99PNE9tq7cmoGh5LvVtzOhXxYiw9qnC";"tomato"
"329";"99PNE9tq7cmoGh5LvVtzOhXxYiw9qnC";"garlic"
"33";"kq.naD.8G19M4UU9dVvJgHtpfo.l/eC";"flour"
"330";"99PNE9tq7cmoGh5LvVtzOhXxYiw9qnC";"pepper"
"331";"QVPNMtrpqZDbM5K6hYfMTb2Ez4.jlfa";"butter"
"332";"QVPNMtrpqZDbM5K6hYfMTb2Ez4.jlfa";"egg"
"333";"QVPNMtrpqZDbM5K6hYfMTb2Ez4.jlfa";"bread"
"334";"QVPNMtrpqZDbM5K6hYfMTb2Ez4.jlfa";"corn"
"335";"QVPNMtrpqZDbM5K6hYfMTb2Ez4.jlfa";"corn"
"336";"QVPNMtrpqZDbM5K6hYfMTb2Ez4.jlfa";"sour cream"
"337";"1fwIs9Xy0U8sYd1SexLowhUaKwHEM.q";"macaroni"
"338";"1fwIs9Xy0U8sYd1SexLowhUaKwHEM.q";"cheese"
"339";"1fwIs9Xy0U8sYd1SexLowhUaKwHEM.q";"cheese"
"34";"kq.naD.8G19M4UU9dVvJgHtpfo.l/eC";"baking soda"
"340";"1fwIs9Xy0U8sYd1SexLowhUaKwHEM.q";"sour cream"
"341";"1fwIs9Xy0U8sYd1SexLowhUaKwHEM.q";"cheese"
"342";"1fwIs9Xy0U8sYd1SexLowhUaKwHEM.q";"pepper"
"343";"1fwIs9Xy0U8sYd1SexLowhUaKwHEM.q";"bread"
"344";"1fwIs9Xy0U8sYd1SexLowhUaKwHEM.q";"butter"
"345";"HhUppK44pVvVx.ezf6GmezqLivOByXm";"MEATBALLS"
"346";"HhUppK44pVvVx.ezf6GmezqLivOByXm";"beef"
"347";"HhUppK44pVvVx.ezf6GmezqLivOByXm";"bread"
"349";"HhUppK44pVvVx.ezf6GmezqLivOByXm";"cheese"
"35";"kq.naD.8G19M4UU9dVvJgHtpfo.l/eC";"salt"
"350";"HhUppK44pVvVx.ezf6GmezqLivOByXm";"pepper"
"351";"HhUppK44pVvVx.ezf6GmezqLivOByXm";"garlic"
"352";"HhUppK44pVvVx.ezf6GmezqLivOByXm";"egg"
"353";"HhUppK44pVvVx.ezf6GmezqLivOByXm";"SAUCE"
"354";"HhUppK44pVvVx.ezf6GmezqLivOByXm";"onion"
"355";"HhUppK44pVvVx.ezf6GmezqLivOByXm";"garlic"
"356";"HhUppK44pVvVx.ezf6GmezqLivOByXm";"oil"
"357";"HhUppK44pVvVx.ezf6GmezqLivOByXm";"tomato"
"358";"HhUppK44pVvVx.ezf6GmezqLivOByXm";"salt"
"359";"HhUppK44pVvVx.ezf6GmezqLivOByXm";"sugar"
"36";"kq.naD.8G19M4UU9dVvJgHtpfo.l/eC";"butter"
"360";"HhUppK44pVvVx.ezf6GmezqLivOByXm";"bay"
"361";"HhUppK44pVvVx.ezf6GmezqLivOByXm";"tomato"
"362";"8ESqKbI2nnKDkNp3YVikKLsrMkban8S";"broth"
"363";"8ESqKbI2nnKDkNp3YVikKLsrMkban8S";"pork"
"364";"8ESqKbI2nnKDkNp3YVikKLsrMkban8S";"barbeque sauce"
"365";"kT2uKzUyX5pAiZwrF608p306cnP/zqq";"egg"
"366";"kT2uKzUyX5pAiZwrF608p306cnP/zqq";"egg"
"367";"kT2uKzUyX5pAiZwrF608p306cnP/zqq";"bread"
"368";"kT2uKzUyX5pAiZwrF608p306cnP/zqq";"spaghetti"
"369";"kT2uKzUyX5pAiZwrF608p306cnP/zqq";"cheese"
"37";"kq.naD.8G19M4UU9dVvJgHtpfo.l/eC";"sugar"
"370";"kT2uKzUyX5pAiZwrF608p306cnP/zqq";"cheese"
"371";"kT2uKzUyX5pAiZwrF608p306cnP/zqq";"basil"
"372";"mV1FAEXZpL9bXn0aXHWyLemvBAG0nlC";"chicken"
"373";"mV1FAEXZpL9bXn0aXHWyLemvBAG0nlC";"pepper"
"374";"mV1FAEXZpL9bXn0aXHWyLemvBAG0nlC";"oil"
"375";"mV1FAEXZpL9bXn0aXHWyLemvBAG0nlC";"curry powder"
"376";"mV1FAEXZpL9bXn0aXHWyLemvBAG0nlC";"onion"
"377";"mV1FAEXZpL9bXn0aXHWyLemvBAG0nlC";"garlic"
"378";"mV1FAEXZpL9bXn0aXHWyLemvBAG0nlC";"milk"
"379";"mV1FAEXZpL9bXn0aXHWyLemvBAG0nlC";"stew"
"38";"kq.naD.8G19M4UU9dVvJgHtpfo.l/eC";"egg"
"380";"mV1FAEXZpL9bXn0aXHWyLemvBAG0nlC";"tomato"
"381";"mV1FAEXZpL9bXn0aXHWyLemvBAG0nlC";"sugar"
"382";"2DzwXff.fOu.uz79F.DR8.0nX7NlIYa";"sugar"
"383";"2DzwXff.fOu.uz79F.DR8.0nX7NlIYa";"butter"
"384";"2DzwXff.fOu.uz79F.DR8.0nX7NlIYa";"egg"
"385";"2DzwXff.fOu.uz79F.DR8.0nX7NlIYa";"extract"
"386";"2DzwXff.fOu.uz79F.DR8.0nX7NlIYa";"flour"
"387";"2DzwXff.fOu.uz79F.DR8.0nX7NlIYa";"baking powder"
"388";"2DzwXff.fOu.uz79F.DR8.0nX7NlIYa";"milk"
"389";"elIrYoQ/QftnsW9V0eDiLfYBUwJCfPG";"flour"
"39";"kq.naD.8G19M4UU9dVvJgHtpfo.l/eC";"banana"
"390";"elIrYoQ/QftnsW9V0eDiLfYBUwJCfPG";"baking powder"
"391";"elIrYoQ/QftnsW9V0eDiLfYBUwJCfPG";"baking soda"
"392";"elIrYoQ/QftnsW9V0eDiLfYBUwJCfPG";"salt"
"393";"elIrYoQ/QftnsW9V0eDiLfYBUwJCfPG";"banana"
"394";"elIrYoQ/QftnsW9V0eDiLfYBUwJCfPG";"sugar"
"395";"elIrYoQ/QftnsW9V0eDiLfYBUwJCfPG";"egg"
"396";"elIrYoQ/QftnsW9V0eDiLfYBUwJCfPG";"butter"
"397";"PBKduCo2ePsNYRVmJKsAKojIyt9GNWG";"garlic"
"398";"PBKduCo2ePsNYRVmJKsAKojIyt9GNWG";"oil"
"399";"PBKduCo2ePsNYRVmJKsAKojIyt9GNWG";"tomato"
"40";"lYrgWNn00EXblOupzM3tL0jGr9O0CB2";"potato"
"400";"PBKduCo2ePsNYRVmJKsAKojIyt9GNWG";"vinegar"
"401";"PBKduCo2ePsNYRVmJKsAKojIyt9GNWG";"basil"
"402";"PBKduCo2ePsNYRVmJKsAKojIyt9GNWG";"salt"
"403";"PBKduCo2ePsNYRVmJKsAKojIyt9GNWG";"pepper"
"404";"PBKduCo2ePsNYRVmJKsAKojIyt9GNWG";"shrimp"
"405";"PBKduCo2ePsNYRVmJKsAKojIyt9GNWG";"skewers"
"406";"8LwDZxcNVpXQAJMufYu7zXRuyfSl7pq";"chicken"
"407";"8LwDZxcNVpXQAJMufYu7zXRuyfSl7pq";"pepper"
"408";"8LwDZxcNVpXQAJMufYu7zXRuyfSl7pq";"mushroom"
"409";"8LwDZxcNVpXQAJMufYu7zXRuyfSl7pq";"flour"
"41";"lYrgWNn00EXblOupzM3tL0jGr9O0CB2";"potato"
"410";"8LwDZxcNVpXQAJMufYu7zXRuyfSl7pq";"oil"
"411";"8LwDZxcNVpXQAJMufYu7zXRuyfSl7pq";"garlic"
"412";"8LwDZxcNVpXQAJMufYu7zXRuyfSl7pq";"vinegar"
"413";"8LwDZxcNVpXQAJMufYu7zXRuyfSl7pq";"chicken"
"414";"8LwDZxcNVpXQAJMufYu7zXRuyfSl7pq";"bay"
"415";"8LwDZxcNVpXQAJMufYu7zXRuyfSl7pq";"thyme"
"416";"8LwDZxcNVpXQAJMufYu7zXRuyfSl7pq";"butter"
"417";"n1RO/cIccTsMK5n8hOxs0A8uu2NPLk2";"flour"
"418";"n1RO/cIccTsMK5n8hOxs0A8uu2NPLk2";"yeast"
"419";"n1RO/cIccTsMK5n8hOxs0A8uu2NPLk2";"oil"
"42";"lYrgWNn00EXblOupzM3tL0jGr9O0CB2";"butter"
"420";"n1RO/cIccTsMK5n8hOxs0A8uu2NPLk2";"salt"
"421";"n1RO/cIccTsMK5n8hOxs0A8uu2NPLk2";"sugar"
"422";"n1RO/cIccTsMK5n8hOxs0A8uu2NPLk2";"water"
"423";"6j79SdnlxNcKEY72KW3a0fDZGM3TEfu";"milk"
"424";"6j79SdnlxNcKEY72KW3a0fDZGM3TEfu";"pumpkin"
"425";"6j79SdnlxNcKEY72KW3a0fDZGM3TEfu";"egg"
"426";"6j79SdnlxNcKEY72KW3a0fDZGM3TEfu";"oil"
"427";"6j79SdnlxNcKEY72KW3a0fDZGM3TEfu";"vinegar"
"428";"6j79SdnlxNcKEY72KW3a0fDZGM3TEfu";"flour"
"429";"6j79SdnlxNcKEY72KW3a0fDZGM3TEfu";"sugar"
"43";"lYrgWNn00EXblOupzM3tL0jGr9O0CB2";"p ly nutmeg"
"430";"6j79SdnlxNcKEY72KW3a0fDZGM3TEfu";"baking powder"
"431";"6j79SdnlxNcKEY72KW3a0fDZGM3TEfu";"baking soda"
"432";"6j79SdnlxNcKEY72KW3a0fDZGM3TEfu";"spice"
"433";"6j79SdnlxNcKEY72KW3a0fDZGM3TEfu";"cinnamon"
"434";"6j79SdnlxNcKEY72KW3a0fDZGM3TEfu";"ginger"
"435";"6j79SdnlxNcKEY72KW3a0fDZGM3TEfu";"salt"
"436";"pwqrNtLpExVWRmuu8Oc5c/A8/s61hvu";"stew"
"437";"pwqrNtLpExVWRmuu8Oc5c/A8/s61hvu";"oil"
"438";"pwqrNtLpExVWRmuu8Oc5c/A8/s61hvu";"beef"
"439";"pwqrNtLpExVWRmuu8Oc5c/A8/s61hvu";"water"
"44";"lYrgWNn00EXblOupzM3tL0jGr9O0CB2";"pepper"
"440";"pwqrNtLpExVWRmuu8Oc5c/A8/s61hvu";"rosemary"
"442";"pwqrNtLpExVWRmuu8Oc5c/A8/s61hvu";"pepper"
"443";"pwqrNtLpExVWRmuu8Oc5c/A8/s61hvu";"potato"
"444";"pwqrNtLpExVWRmuu8Oc5c/A8/s61hvu";"carrots"
"445";"pwqrNtLpExVWRmuu8Oc5c/A8/s61hvu";"celery"
"446";"pwqrNtLpExVWRmuu8Oc5c/A8/s61hvu";"onion"
"447";"pwqrNtLpExVWRmuu8Oc5c/A8/s61hvu";"corn"
"448";"pwqrNtLpExVWRmuu8Oc5c/A8/s61hvu";"water"
"449";"mDgcSaAmfeRgzPTYepbjH4X70QRbj6e";"soy sauce"
"45";"lYrgWNn00EXblOupzM3tL0jGr9O0CB2";"pepper"
"450";"mDgcSaAmfeRgzPTYepbjH4X70QRbj6e";"oil"
"451";"mDgcSaAmfeRgzPTYepbjH4X70QRbj6e";"Worcestershire sauce"
"452";"mDgcSaAmfeRgzPTYepbjH4X70QRbj6e";"lemon"
"453";"mDgcSaAmfeRgzPTYepbjH4X70QRbj6e";"sugar"
"454";"mDgcSaAmfeRgzPTYepbjH4X70QRbj6e";"ketchup"
"455";"mDgcSaAmfeRgzPTYepbjH4X70QRbj6e";"pork"
"456";"BCoNFX8VUAvDtxt3HoJPrdeNYEBCtkO";"chicken"
"457";"BCoNFX8VUAvDtxt3HoJPrdeNYEBCtkO";"onion"
"459";"BCoNFX8VUAvDtxt3HoJPrdeNYEBCtkO";"cheese"
"46";"lYrgWNn00EXblOupzM3tL0jGr9O0CB2";"milk"
"462";"BCoNFX8VUAvDtxt3HoJPrdeNYEBCtkO";"pepper"
"463";"BCoNFX8VUAvDtxt3HoJPrdeNYEBCtkO";"salt"
"464";"BCoNFX8VUAvDtxt3HoJPrdeNYEBCtkO";"tomato"
"465";"BCoNFX8VUAvDtxt3HoJPrdeNYEBCtkO";"water"
"466";"BCoNFX8VUAvDtxt3HoJPrdeNYEBCtkO";"chili powder"
"467";"BCoNFX8VUAvDtxt3HoJPrdeNYEBCtkO";"pepper"
"468";"BCoNFX8VUAvDtxt3HoJPrdeNYEBCtkO";"garlic"
"469";"BCoNFX8VUAvDtxt3HoJPrdeNYEBCtkO";"flour"
"47";"lYrgWNn00EXblOupzM3tL0jGr9O0CB2";"spinach"
"470";"BCoNFX8VUAvDtxt3HoJPrdeNYEBCtkO";"taco"
"471";"BCoNFX8VUAvDtxt3HoJPrdeNYEBCtkO";"cheese"
"472";"ivbCqdV1TE31XZCewCZqi4JM3lDa3EK";"pumpkin"
"474";"ivbCqdV1TE31XZCewCZqi4JM3lDa3EK";"egg"
"475";"ivbCqdV1TE31XZCewCZqi4JM3lDa3EK";"cinnamon"
"476";"ivbCqdV1TE31XZCewCZqi4JM3lDa3EK";"ginger"
"477";"ivbCqdV1TE31XZCewCZqi4JM3lDa3EK";"nutmeg"
"478";"ivbCqdV1TE31XZCewCZqi4JM3lDa3EK";"salt"
"479";"ivbCqdV1TE31XZCewCZqi4JM3lDa3EK";"crust"
"48";"lYrgWNn00EXblOupzM3tL0jGr9O0CB2";"oil"
"480";"xHRUV12yEIzDhFy8UovbxhPhuEWCs4W";"oil"
"481";"xHRUV12yEIzDhFy8UovbxhPhuEWCs4W";"rice"
"482";"xHRUV12yEIzDhFy8UovbxhPhuEWCs4W";"garlic"
"483";"xHRUV12yEIzDhFy8UovbxhPhuEWCs4W";"cumin"
"484";"xHRUV12yEIzDhFy8UovbxhPhuEWCs4W";"onion"
"485";"xHRUV12yEIzDhFy8UovbxhPhuEWCs4W";"tomato"
"486";"xHRUV12yEIzDhFy8UovbxhPhuEWCs4W";"chicken"
"487";"Jy61MpIwIJDIA/X/tyfBI6RCuAHQ4ta";"sugar"
"488";"Jy61MpIwIJDIA/X/tyfBI6RCuAHQ4ta";"flour"
"489";"Jy61MpIwIJDIA/X/tyfBI6RCuAHQ4ta";"cocoa"
"49";"lYrgWNn00EXblOupzM3tL0jGr9O0CB2";"spinach"
"490";"Jy61MpIwIJDIA/X/tyfBI6RCuAHQ4ta";"baking powder"
"491";"Jy61MpIwIJDIA/X/tyfBI6RCuAHQ4ta";"baking soda"
"492";"Jy61MpIwIJDIA/X/tyfBI6RCuAHQ4ta";"salt"
"493";"Jy61MpIwIJDIA/X/tyfBI6RCuAHQ4ta";"egg"
"494";"Jy61MpIwIJDIA/X/tyfBI6RCuAHQ4ta";"milk"
"495";"Jy61MpIwIJDIA/X/tyfBI6RCuAHQ4ta";"oil"
"496";"Jy61MpIwIJDIA/X/tyfBI6RCuAHQ4ta";"extract"
"497";"Jy61MpIwIJDIA/X/tyfBI6RCuAHQ4ta";"water"
"498";".Bl2KAbYq4e78bz1Ctd..wIBW7e15dS";"yogurt"
"499";".Bl2KAbYq4e78bz1Ctd..wIBW7e15dS";"lemon"
"5";"5ZpZE8hSVdPk2ZXo1mZTyoPWJRSCPSm";"mushroom"
"50";"lYrgWNn00EXblOupzM3tL0jGr9O0CB2";"For the sauce"
"500";".Bl2KAbYq4e78bz1Ctd..wIBW7e15dS";"cumin"
"501";".Bl2KAbYq4e78bz1Ctd..wIBW7e15dS";"cinnamon"
"502";".Bl2KAbYq4e78bz1Ctd..wIBW7e15dS";"pepper"
"503";".Bl2KAbYq4e78bz1Ctd..wIBW7e15dS";"pepper"
"504";".Bl2KAbYq4e78bz1Ctd..wIBW7e15dS";"minced ginger"
"505";".Bl2KAbYq4e78bz1Ctd..wIBW7e15dS";"salt"
"506";".Bl2KAbYq4e78bz1Ctd..wIBW7e15dS";"chicken"
"508";".Bl2KAbYq4e78bz1Ctd..wIBW7e15dS";"butter"
"509";".Bl2KAbYq4e78bz1Ctd..wIBW7e15dS";"garlic"
"51";"lYrgWNn00EXblOupzM3tL0jGr9O0CB2";"butter"
"510";".Bl2KAbYq4e78bz1Ctd..wIBW7e15dS";"pepper"
"511";".Bl2KAbYq4e78bz1Ctd..wIBW7e15dS";"cumin"
"512";".Bl2KAbYq4e78bz1Ctd..wIBW7e15dS";"paprika"
"513";".Bl2KAbYq4e78bz1Ctd..wIBW7e15dS";"salt"
"514";".Bl2KAbYq4e78bz1Ctd..wIBW7e15dS";"tomato"
"515";"vicY5OzCBoIMEVAiwpntREpA076QW3C";"garlic"
"516";"vicY5OzCBoIMEVAiwpntREpA076QW3C";"oil"
"517";"vicY5OzCBoIMEVAiwpntREpA076QW3C";"cauliflower"
"518";"vicY5OzCBoIMEVAiwpntREpA076QW3C";"cheese"
"519";"vicY5OzCBoIMEVAiwpntREpA076QW3C";"pepper"
"52";"lYrgWNn00EXblOupzM3tL0jGr9O0CB2";"flour"
"520";"vicY5OzCBoIMEVAiwpntREpA076QW3C";"parsley"
"521";"vAOjYkN.lMz5.PFuqZQQpuMaWUOVHc2";"pasta"
"522";"vAOjYkN.lMz5.PFuqZQQpuMaWUOVHc2";"chicken"
"524";"vAOjYkN.lMz5.PFuqZQQpuMaWUOVHc2";"butter"
"525";"vAOjYkN.lMz5.PFuqZQQpuMaWUOVHc2";"pepper"
"526";"vAOjYkN.lMz5.PFuqZQQpuMaWUOVHc2";"pepper"
"527";"vAOjYkN.lMz5.PFuqZQQpuMaWUOVHc2";"mushroom"
"528";"vAOjYkN.lMz5.PFuqZQQpuMaWUOVHc2";"onion"
"529";"vAOjYkN.lMz5.PFuqZQQpuMaWUOVHc2";"heavy cream"
"53";"lYrgWNn00EXblOupzM3tL0jGr9O0CB2";"garlic"
"530";"vAOjYkN.lMz5.PFuqZQQpuMaWUOVHc2";"basil"
"531";"vAOjYkN.lMz5.PFuqZQQpuMaWUOVHc2";"lemon"
"532";"vAOjYkN.lMz5.PFuqZQQpuMaWUOVHc2";"salt"
"533";"vAOjYkN.lMz5.PFuqZQQpuMaWUOVHc2";"garlic"
"534";"vAOjYkN.lMz5.PFuqZQQpuMaWUOVHc2";"pepper"
"535";"vAOjYkN.lMz5.PFuqZQQpuMaWUOVHc2";"cheese"
"536";"5c1T2xaLITaasKPDVkob8ZCs8PfbTvu";"sesame seeds"
"537";"5c1T2xaLITaasKPDVkob8ZCs8PfbTvu";"poppy seeds"
"538";"5c1T2xaLITaasKPDVkob8ZCs8PfbTvu";"sugar"
"539";"5c1T2xaLITaasKPDVkob8ZCs8PfbTvu";"oil"
"54";"lYrgWNn00EXblOupzM3tL0jGr9O0CB2";"milk"
"540";"5c1T2xaLITaasKPDVkob8ZCs8PfbTvu";"vinegar"
"541";"5c1T2xaLITaasKPDVkob8ZCs8PfbTvu";"paprika"
"542";"5c1T2xaLITaasKPDVkob8ZCs8PfbTvu";"Worcestershire sauce"
"543";"5c1T2xaLITaasKPDVkob8ZCs8PfbTvu";"onion"
"544";"5c1T2xaLITaasKPDVkob8ZCs8PfbTvu";"spinach"
"545";"5c1T2xaLITaasKPDVkob8ZCs8PfbTvu";"strawberries"
"546";"5c1T2xaLITaasKPDVkob8ZCs8PfbTvu";"almond"
"547";"GoTYZ6JC/pdzrhpDpxmj9Cck5p1oOC6";"pepper"
"548";"GoTYZ6JC/pdzrhpDpxmj9Cck5p1oOC6";"salt"
"549";"GoTYZ6JC/pdzrhpDpxmj9Cck5p1oOC6";"beef"
"55";"lYrgWNn00EXblOupzM3tL0jGr9O0CB2";"lemon"
"550";"GoTYZ6JC/pdzrhpDpxmj9Cck5p1oOC6";"onion"
"551";"GoTYZ6JC/pdzrhpDpxmj9Cck5p1oOC6";"pepper"
"552";"GoTYZ6JC/pdzrhpDpxmj9Cck5p1oOC6";"tomato"
"553";"GoTYZ6JC/pdzrhpDpxmj9Cck5p1oOC6";"Worcestershire sauce"
"554";"GoTYZ6JC/pdzrhpDpxmj9Cck5p1oOC6";"rice"
"555";"GoTYZ6JC/pdzrhpDpxmj9Cck5p1oOC6";"water"
"556";"GoTYZ6JC/pdzrhpDpxmj9Cck5p1oOC6";"cheese"
"557";"GoTYZ6JC/pdzrhpDpxmj9Cck5p1oOC6";"tomato"
"558";"GoTYZ6JC/pdzrhpDpxmj9Cck5p1oOC6";"water"
"559";"v0pGNTqiHEB9bXem4VY9CXkTsUFe/jm";"cheese"
"56";"lYrgWNn00EXblOupzM3tL0jGr9O0CB2";""
"560";"v0pGNTqiHEB9bXem4VY9CXkTsUFe/jm";"mayonnaise"
"561";"v0pGNTqiHEB9bXem4VY9CXkTsUFe/jm";"cheese"
"562";"v0pGNTqiHEB9bXem4VY9CXkTsUFe/jm";"cheese"
"563";"v0pGNTqiHEB9bXem4VY9CXkTsUFe/jm";"garlic"
"564";"v0pGNTqiHEB9bXem4VY9CXkTsUFe/jm";"basil"
"565";"v0pGNTqiHEB9bXem4VY9CXkTsUFe/jm";"garlic"
"566";"v0pGNTqiHEB9bXem4VY9CXkTsUFe/jm";"pepper"
"567";"v0pGNTqiHEB9bXem4VY9CXkTsUFe/jm";"artichoke"
"568";"v0pGNTqiHEB9bXem4VY9CXkTsUFe/jm";"spinach"
"569";"v0pGNTqiHEB9bXem4VY9CXkTsUFe/jm";"cheese"
"57";"Fu0DgGYFUGwc0BBlN6r20o/ihOVs5bO";"flour"
"570";"96OsQszEgh/Ndtn04Uau1NjEJieB3Km";"butter"
"571";"96OsQszEgh/Ndtn04Uau1NjEJieB3Km";"ham"
"572";"96OsQszEgh/Ndtn04Uau1NjEJieB3Km";"sugar"
"573";"96OsQszEgh/Ndtn04Uau1NjEJieB3Km";"butter"
"574";"96OsQszEgh/Ndtn04Uau1NjEJieB3Km";"chocolate"
"575";"96OsQszEgh/Ndtn04Uau1NjEJieB3Km";"butter"
"576";"FE8iezq58OtxSqnl4Fem/o2CCKWXw.G";"yeast"
"577";"FE8iezq58OtxSqnl4Fem/o2CCKWXw.G";"sugar"
"578";"FE8iezq58OtxSqnl4Fem/o2CCKWXw.G";"water"
"579";"FE8iezq58OtxSqnl4Fem/o2CCKWXw.G";"bread"
"58";"Fu0DgGYFUGwc0BBlN6r20o/ihOVs5bO";"salt"
"580";"FE8iezq58OtxSqnl4Fem/o2CCKWXw.G";"oil"
"581";"FE8iezq58OtxSqnl4Fem/o2CCKWXw.G";"salt"
"582";"xu/ehCsat1QZbBcEoFboss8kdZJk7UC";"chicken"
"583";"xu/ehCsat1QZbBcEoFboss8kdZJk7UC";"pepper"
"584";"xu/ehCsat1QZbBcEoFboss8kdZJk7UC";"honey"
"585";"xu/ehCsat1QZbBcEoFboss8kdZJk7UC";"mustard"
"586";"xu/ehCsat1QZbBcEoFboss8kdZJk7UC";"basil"
"587";"xu/ehCsat1QZbBcEoFboss8kdZJk7UC";"paprika"
"589";"cZEig4Ud8oFX2kPSrsz7Ke650NEqVRK";"butter"
"59";"Fu0DgGYFUGwc0BBlN6r20o/ihOVs5bO";"baking soda"
"590";"cZEig4Ud8oFX2kPSrsz7Ke650NEqVRK";"onion"
"591";"cZEig4Ud8oFX2kPSrsz7Ke650NEqVRK";"celery"
"592";"cZEig4Ud8oFX2kPSrsz7Ke650NEqVRK";"chicken"
"593";"cZEig4Ud8oFX2kPSrsz7Ke650NEqVRK";"broth"
"594";"cZEig4Ud8oFX2kPSrsz7Ke650NEqVRK";"chicken"
"595";"cZEig4Ud8oFX2kPSrsz7Ke650NEqVRK";"egg"
"596";"cZEig4Ud8oFX2kPSrsz7Ke650NEqVRK";"carrots"
"597";"cZEig4Ud8oFX2kPSrsz7Ke650NEqVRK";"basil"
"599";"cZEig4Ud8oFX2kPSrsz7Ke650NEqVRK";"pepper"
"6";"5ZpZE8hSVdPk2ZXo1mZTyoPWJRSCPSm";"onion"
"60";"Fu0DgGYFUGwc0BBlN6r20o/ihOVs5bO";"baking powder"
"600";"iIMHruyrJCDs8Q5imjezGaJpSn6Amjq";"flour"
"601";"iIMHruyrJCDs8Q5imjezGaJpSn6Amjq";"corn"
"602";"iIMHruyrJCDs8Q5imjezGaJpSn6Amjq";"sugar"
"603";"iIMHruyrJCDs8Q5imjezGaJpSn6Amjq";"salt"
"604";"iIMHruyrJCDs8Q5imjezGaJpSn6Amjq";"baking powder"
"605";"iIMHruyrJCDs8Q5imjezGaJpSn6Amjq";"egg"
"606";"iIMHruyrJCDs8Q5imjezGaJpSn6Amjq";"milk"
"607";"iIMHruyrJCDs8Q5imjezGaJpSn6Amjq";"oil"
"608";"vkvvqPI7anmpsckOS3rJfHA.HSh7rte";"beef"
"609";"vkvvqPI7anmpsckOS3rJfHA.HSh7rte";"onion"
"61";"Fu0DgGYFUGwc0BBlN6r20o/ihOVs5bO";"cinnamon"
"610";"vkvvqPI7anmpsckOS3rJfHA.HSh7rte";"garlic"
"611";"vkvvqPI7anmpsckOS3rJfHA.HSh7rte";"basil"
"613";"vkvvqPI7anmpsckOS3rJfHA.HSh7rte";"sugar"
"614";"vkvvqPI7anmpsckOS3rJfHA.HSh7rte";"salt"
"615";"vkvvqPI7anmpsckOS3rJfHA.HSh7rte";"tomato"
"616";"vkvvqPI7anmpsckOS3rJfHA.HSh7rte";"tomato"
"617";"vkvvqPI7anmpsckOS3rJfHA.HSh7rte";"noodle"
"618";"vkvvqPI7anmpsckOS3rJfHA.HSh7rte";"egg"
"619";"vkvvqPI7anmpsckOS3rJfHA.HSh7rte";"cheese"
"62";"Fu0DgGYFUGwc0BBlN6r20o/ihOVs5bO";"egg"
"620";"vkvvqPI7anmpsckOS3rJfHA.HSh7rte";"cheese"
"622";"vkvvqPI7anmpsckOS3rJfHA.HSh7rte";"salt"
"623";"vkvvqPI7anmpsckOS3rJfHA.HSh7rte";"cheese"
"624";"vkvvqPI7anmpsckOS3rJfHA.HSh7rte";"cheese"
"625";"t/uE/73KPaMydASNjcxakSBUODzbg.i";"butter"
"626";"t/uE/73KPaMydASNjcxakSBUODzbg.i";"onion"
"627";"t/uE/73KPaMydASNjcxakSBUODzbg.i";"broccoli"
"628";"t/uE/73KPaMydASNjcxakSBUODzbg.i";"chicken"
"629";"t/uE/73KPaMydASNjcxakSBUODzbg.i";"cheese"
"63";"Fu0DgGYFUGwc0BBlN6r20o/ihOVs5bO";"oil"
"630";"t/uE/73KPaMydASNjcxakSBUODzbg.i";"milk"
"631";"t/uE/73KPaMydASNjcxakSBUODzbg.i";"garlic"
"632";"t/uE/73KPaMydASNjcxakSBUODzbg.i";"corn"
"633";"t/uE/73KPaMydASNjcxakSBUODzbg.i";"water"
"634";"w/1cZ2N63PEwWYwTsr4vW30LNpY/kmK";"artichoke"
"635";"w/1cZ2N63PEwWYwTsr4vW30LNpY/kmK";"cheese"
"636";"w/1cZ2N63PEwWYwTsr4vW30LNpY/kmK";"mayonnaise"
"637";"w/1cZ2N63PEwWYwTsr4vW30LNpY/kmK";"garlic"
"638";"w/1cZ2N63PEwWYwTsr4vW30LNpY/kmK";"chicken"
"639";"47RPx8W60kTp3lLyWhx6mpVbJUaIvJy";"egg"
"64";"Fu0DgGYFUGwc0BBlN6r20o/ihOVs5bO";"sugar"
"640";"47RPx8W60kTp3lLyWhx6mpVbJUaIvJy";"oil"
"641";"47RPx8W60kTp3lLyWhx6mpVbJUaIvJy";"extract"
"642";"47RPx8W60kTp3lLyWhx6mpVbJUaIvJy";"sugar"
"643";"47RPx8W60kTp3lLyWhx6mpVbJUaIvJy";"zucchini"
"644";"47RPx8W60kTp3lLyWhx6mpVbJUaIvJy";"flour"
"645";"47RPx8W60kTp3lLyWhx6mpVbJUaIvJy";"salt"
"646";"47RPx8W60kTp3lLyWhx6mpVbJUaIvJy";"baking powder"
"647";"47RPx8W60kTp3lLyWhx6mpVbJUaIvJy";"baking soda"
"648";"47RPx8W60kTp3lLyWhx6mpVbJUaIvJy";"cinnamon"
"649";"47RPx8W60kTp3lLyWhx6mpVbJUaIvJy";"blueberries"
"65";"Fu0DgGYFUGwc0BBlN6r20o/ihOVs5bO";"extract"
"650";"jRx1M5yA8Y10hFsVZQJSD0pWiHLr4NC";"beef"
"651";"jRx1M5yA8Y10hFsVZQJSD0pWiHLr4NC";"egg"
"652";"jRx1M5yA8Y10hFsVZQJSD0pWiHLr4NC";"bread"
"653";"jRx1M5yA8Y10hFsVZQJSD0pWiHLr4NC";"pepper"
"654";"jRx1M5yA8Y10hFsVZQJSD0pWiHLr4NC";"salt"
"655";"jRx1M5yA8Y10hFsVZQJSD0pWiHLr4NC";"onion"
"656";"jRx1M5yA8Y10hFsVZQJSD0pWiHLr4NC";"garlic"
"657";"jRx1M5yA8Y10hFsVZQJSD0pWiHLr4NC";"Worcestershire sauce"
"658";"jRx1M5yA8Y10hFsVZQJSD0pWiHLr4NC";"oil"
"659";"jRx1M5yA8Y10hFsVZQJSD0pWiHLr4NC";"onion"
"66";"Fu0DgGYFUGwc0BBlN6r20o/ihOVs5bO";"zucchini"
"660";"jRx1M5yA8Y10hFsVZQJSD0pWiHLr4NC";"flour"
"661";"jRx1M5yA8Y10hFsVZQJSD0pWiHLr4NC";"broth"
"662";"jRx1M5yA8Y10hFsVZQJSD0pWiHLr4NC";"cooking sherry"
"663";"jRx1M5yA8Y10hFsVZQJSD0pWiHLr4NC";"salt"
"664";"Xs1aXR7Fr0NHW8IH7zqWbxwDEhq6zeG";"egg"
"665";"Xs1aXR7Fr0NHW8IH7zqWbxwDEhq6zeG";"milk"
"666";"Xs1aXR7Fr0NHW8IH7zqWbxwDEhq6zeG";"oil"
"667";"Xs1aXR7Fr0NHW8IH7zqWbxwDEhq6zeG";"sugar"
"668";"Xs1aXR7Fr0NHW8IH7zqWbxwDEhq6zeG";"extract"
"669";"Xs1aXR7Fr0NHW8IH7zqWbxwDEhq6zeG";"cinnamon"
"67";"Fu0DgGYFUGwc0BBlN6r20o/ihOVs5bO";"walnuts"
"670";"Xs1aXR7Fr0NHW8IH7zqWbxwDEhq6zeG";"salt"
"671";"Xs1aXR7Fr0NHW8IH7zqWbxwDEhq6zeG";"flour"
"672";"Xs1aXR7Fr0NHW8IH7zqWbxwDEhq6zeG";"baking soda"
"673";"Xs1aXR7Fr0NHW8IH7zqWbxwDEhq6zeG";"carrots"
"674";"Xs1aXR7Fr0NHW8IH7zqWbxwDEhq6zeG";"coconut"
"675";"Xs1aXR7Fr0NHW8IH7zqWbxwDEhq6zeG";"walnuts"
"676";"Xs1aXR7Fr0NHW8IH7zqWbxwDEhq6zeG";"apple"
"677";"Xs1aXR7Fr0NHW8IH7zqWbxwDEhq6zeG";"raisins"
"679";"6lCMga97sL1YATxj7CLGnqZnTXaaCca";"margarine"
"68";"MBRNtqELRRuv8zJH4k7Aba2bmIc2A3C";"butter"
"680";"6lCMga97sL1YATxj7CLGnqZnTXaaCca";"sugar"
"681";"6lCMga97sL1YATxj7CLGnqZnTXaaCca";"sugar"
"682";"6lCMga97sL1YATxj7CLGnqZnTXaaCca";"butter"
"683";"6lCMga97sL1YATxj7CLGnqZnTXaaCca";"egg"
"684";"6lCMga97sL1YATxj7CLGnqZnTXaaCca";"flour"
"685";"6lCMga97sL1YATxj7CLGnqZnTXaaCca";"baking soda"
"686";"6lCMga97sL1YATxj7CLGnqZnTXaaCca";"salt"
"687";"6lCMga97sL1YATxj7CLGnqZnTXaaCca";"oats"
"688";"pV5G9TfC6gzRwXtTS751VD6Y.EejN/G";"flour"
"689";"pV5G9TfC6gzRwXtTS751VD6Y.EejN/G";"sugar"
"69";"MBRNtqELRRuv8zJH4k7Aba2bmIc2A3C";"sugar"
"690";"pV5G9TfC6gzRwXtTS751VD6Y.EejN/G";"cocoa"
"691";"pV5G9TfC6gzRwXtTS751VD6Y.EejN/G";"baking soda"
"692";"pV5G9TfC6gzRwXtTS751VD6Y.EejN/G";"baking powder"
"693";"pV5G9TfC6gzRwXtTS751VD6Y.EejN/G";"salt"
"694";"pV5G9TfC6gzRwXtTS751VD6Y.EejN/G";"egg"
"695";"pV5G9TfC6gzRwXtTS751VD6Y.EejN/G";"coffee"
"696";"pV5G9TfC6gzRwXtTS751VD6Y.EejN/G";"milk"
"697";"pV5G9TfC6gzRwXtTS751VD6Y.EejN/G";"oil"
"698";"pV5G9TfC6gzRwXtTS751VD6Y.EejN/G";"extract"
"699";"HHZv3DUz5SWoz60lCsfve0Uvh329mzO";"butter"
"7";"5ZpZE8hSVdPk2ZXo1mZTyoPWJRSCPSm";"water"
"70";"MBRNtqELRRuv8zJH4k7Aba2bmIc2A3C";"egg"
"700";"HHZv3DUz5SWoz60lCsfve0Uvh329mzO";"sugar"
"701";"HHZv3DUz5SWoz60lCsfve0Uvh329mzO";"egg"
"702";"Ie.EaaxBORwdqNq98aTe6zWhymsiHBq";"taco"
"703";"Ie.EaaxBORwdqNq98aTe6zWhymsiHBq";"bean"
"704";"Ie.EaaxBORwdqNq98aTe6zWhymsiHBq";"cheese"
"705";"Ie.EaaxBORwdqNq98aTe6zWhymsiHBq";"sour cream"
"706";"Ie.EaaxBORwdqNq98aTe6zWhymsiHBq";"salsa"
"707";"Ie.EaaxBORwdqNq98aTe6zWhymsiHBq";"tomato"
"708";"Ie.EaaxBORwdqNq98aTe6zWhymsiHBq";"pepper"
"709";"Ie.EaaxBORwdqNq98aTe6zWhymsiHBq";"onion"
"71";"MBRNtqELRRuv8zJH4k7Aba2bmIc2A3C";"extract"
"710";"Ie.EaaxBORwdqNq98aTe6zWhymsiHBq";"lettuce"
"711";"Ie.EaaxBORwdqNq98aTe6zWhymsiHBq";"olive"
"712";"Ie.EaaxBORwdqNq98aTe6zWhymsiHBq";"cheese"
"713";"ZbjrGAfBpn9fuI11k56zPV8NQ6yQj9C";"honey"
"714";"ZbjrGAfBpn9fuI11k56zPV8NQ6yQj9C";"soy sauce"
"715";"ZbjrGAfBpn9fuI11k56zPV8NQ6yQj9C";"vinegar"
"716";"ZbjrGAfBpn9fuI11k56zPV8NQ6yQj9C";"ginger root"
"717";"ZbjrGAfBpn9fuI11k56zPV8NQ6yQj9C";"garlic"
"718";"ZbjrGAfBpn9fuI11k56zPV8NQ6yQj9C";"oil"
"719";"ZbjrGAfBpn9fuI11k56zPV8NQ6yQj9C";"fillet"
"72";"MBRNtqELRRuv8zJH4k7Aba2bmIc2A3C";"flour"
"720";"ZbjrGAfBpn9fuI11k56zPV8NQ6yQj9C";"pepper"
"721";"ZbjrGAfBpn9fuI11k56zPV8NQ6yQj9C";"oil"
"722";"CiJLJFg01uGVXMd.ZEQnREePnxZdwwy";"chicken"
"723";"CiJLJFg01uGVXMd.ZEQnREePnxZdwwy";"oil"
"724";"CiJLJFg01uGVXMd.ZEQnREePnxZdwwy";"mushroom"
"725";"CiJLJFg01uGVXMd.ZEQnREePnxZdwwy";"mushroom"
"726";"CiJLJFg01uGVXMd.ZEQnREePnxZdwwy";"shallots"
"727";"CiJLJFg01uGVXMd.ZEQnREePnxZdwwy";"rice"
"728";"CiJLJFg01uGVXMd.ZEQnREePnxZdwwy";"wine"
"729";"CiJLJFg01uGVXMd.ZEQnREePnxZdwwy";"salt"
"73";"MBRNtqELRRuv8zJH4k7Aba2bmIc2A3C";"baking powder"
"730";"CiJLJFg01uGVXMd.ZEQnREePnxZdwwy";"pepper"
"731";"CiJLJFg01uGVXMd.ZEQnREePnxZdwwy";"chives"
"732";"CiJLJFg01uGVXMd.ZEQnREePnxZdwwy";"butter"
"733";"CiJLJFg01uGVXMd.ZEQnREePnxZdwwy";"cheese"
"734";"qZwPHIoKne6.1r5Muu7tAow/iqYo./u";"potato"
"735";"qZwPHIoKne6.1r5Muu7tAow/iqYo./u";"butter"
"736";"qZwPHIoKne6.1r5Muu7tAow/iqYo./u";"sugar"
"737";"qZwPHIoKne6.1r5Muu7tAow/iqYo./u";"milk"
"738";"qZwPHIoKne6.1r5Muu7tAow/iqYo./u";"egg"
"739";"qZwPHIoKne6.1r5Muu7tAow/iqYo./u";"nutmeg"
"74";"MBRNtqELRRuv8zJH4k7Aba2bmIc2A3C";"salt"
"740";"qZwPHIoKne6.1r5Muu7tAow/iqYo./u";"cinnamon"
"741";"qZwPHIoKne6.1r5Muu7tAow/iqYo./u";"extract"
"742";"qZwPHIoKne6.1r5Muu7tAow/iqYo./u";"crust"
"743";"7Qo95snNqvV4bTBFn9goRVWgRLsTfZ2";"chicken"
"744";"7Qo95snNqvV4bTBFn9goRVWgRLsTfZ2";"water"
"745";"7Qo95snNqvV4bTBFn9goRVWgRLsTfZ2";"chicken"
"746";"7Qo95snNqvV4bTBFn9goRVWgRLsTfZ2";"rice"
"747";"7Qo95snNqvV4bTBFn9goRVWgRLsTfZ2";"salt"
"748";"7Qo95snNqvV4bTBFn9goRVWgRLsTfZ2";"pepper"
"749";"7Qo95snNqvV4bTBFn9goRVWgRLsTfZ2";"flour"
"75";"ZPyPoMiNvgAfrKcRpH9FEYV/XsPZBsW";"Sauce"
"750";"7Qo95snNqvV4bTBFn9goRVWgRLsTfZ2";"butter"
"751";"7Qo95snNqvV4bTBFn9goRVWgRLsTfZ2";"heavy cream"
"752";"unE5OHmbbdPtMY6ygp6unUcT8zL7buW";"crust"
"753";"unE5OHmbbdPtMY6ygp6unUcT8zL7buW";"butter"
"754";"unE5OHmbbdPtMY6ygp6unUcT8zL7buW";"flour"
"755";"unE5OHmbbdPtMY6ygp6unUcT8zL7buW";"sugar"
"756";"unE5OHmbbdPtMY6ygp6unUcT8zL7buW";"sugar"
"757";"unE5OHmbbdPtMY6ygp6unUcT8zL7buW";"water"
"758";"unE5OHmbbdPtMY6ygp6unUcT8zL7buW";"apple"
"759";"dIkhCHSuQxh5gbHOW5JPshRTDMtbM/q";"apple"
"76";"ZPyPoMiNvgAfrKcRpH9FEYV/XsPZBsW";"ketchup"
"760";"dIkhCHSuQxh5gbHOW5JPshRTDMtbM/q";"water"
"761";"dIkhCHSuQxh5gbHOW5JPshRTDMtbM/q";"sugar"
"762";"dIkhCHSuQxh5gbHOW5JPshRTDMtbM/q";"cinnamon"
"763";"n2zdS6O2jzNvAJSGcM9ENgNuEvEPliG";"chicken"
"764";"n2zdS6O2jzNvAJSGcM9ENgNuEvEPliG";"chicken"
"765";"n2zdS6O2jzNvAJSGcM9ENgNuEvEPliG";"sour cream"
"766";"n2zdS6O2jzNvAJSGcM9ENgNuEvEPliG";"chili powder"
"767";"n2zdS6O2jzNvAJSGcM9ENgNuEvEPliG";"butter"
"768";"n2zdS6O2jzNvAJSGcM9ENgNuEvEPliG";"onion"
"769";"n2zdS6O2jzNvAJSGcM9ENgNuEvEPliG";"green chilies"
"77";"ZPyPoMiNvgAfrKcRpH9FEYV/XsPZBsW";"chicken"
"770";"n2zdS6O2jzNvAJSGcM9ENgNuEvEPliG";"taco"
"771";"n2zdS6O2jzNvAJSGcM9ENgNuEvEPliG";"onion"
"772";"n2zdS6O2jzNvAJSGcM9ENgNuEvEPliG";"water"
"773";"n2zdS6O2jzNvAJSGcM9ENgNuEvEPliG";"lime"
"774";"n2zdS6O2jzNvAJSGcM9ENgNuEvEPliG";"onion"
"775";"n2zdS6O2jzNvAJSGcM9ENgNuEvEPliG";"garlic"
"776";"n2zdS6O2jzNvAJSGcM9ENgNuEvEPliG";"flour"
"777";"n2zdS6O2jzNvAJSGcM9ENgNuEvEPliG";"cheese"
"778";"n2zdS6O2jzNvAJSGcM9ENgNuEvEPliG";"enchilada sauce"
"779";"n2zdS6O2jzNvAJSGcM9ENgNuEvEPliG";"olive"
"78";"ZPyPoMiNvgAfrKcRpH9FEYV/XsPZBsW";"egg"
"780";"o22XhAeTd.m7J6T8tSE.qdQlhS1Ws5u";"chicken"
"781";"o22XhAeTd.m7J6T8tSE.qdQlhS1Ws5u";"butter"
"782";"o22XhAeTd.m7J6T8tSE.qdQlhS1Ws5u";"garlic"
"783";"o22XhAeTd.m7J6T8tSE.qdQlhS1Ws5u";"lemon"
"784";"o22XhAeTd.m7J6T8tSE.qdQlhS1Ws5u";"mushroom"
"787";"o22XhAeTd.m7J6T8tSE.qdQlhS1Ws5u";"cheese"
"788";"o22XhAeTd.m7J6T8tSE.qdQlhS1Ws5u";"spinach"
"789";"o22XhAeTd.m7J6T8tSE.qdQlhS1Ws5u";"mushroom"
"79";"ZPyPoMiNvgAfrKcRpH9FEYV/XsPZBsW";"soy sauce"
"790";"o22XhAeTd.m7J6T8tSE.qdQlhS1Ws5u";"bacon"
"791";"o22XhAeTd.m7J6T8tSE.qdQlhS1Ws5u";"cheese"
"792";"SgcOdDKk.HEwZwgNgks2S.PrsXEezZS";"oil"
"793";"SgcOdDKk.HEwZwgNgks2S.PrsXEezZS";"onion"
"794";"SgcOdDKk.HEwZwgNgks2S.PrsXEezZS";"garlic"
"795";"SgcOdDKk.HEwZwgNgks2S.PrsXEezZS";"bean"
"796";"SgcOdDKk.HEwZwgNgks2S.PrsXEezZS";"water"
"797";"SgcOdDKk.HEwZwgNgks2S.PrsXEezZS";"chili powder"
"798";"SgcOdDKk.HEwZwgNgks2S.PrsXEezZS";"mustard"
"799";"SgcOdDKk.HEwZwgNgks2S.PrsXEezZS";"cumin"
"8";"5ZpZE8hSVdPk2ZXo1mZTyoPWJRSCPSm";"pot roast"
"80";"ZPyPoMiNvgAfrKcRpH9FEYV/XsPZBsW";"garlic"
"800";"SgcOdDKk.HEwZwgNgks2S.PrsXEezZS";"pepper"
"801";"SgcOdDKk.HEwZwgNgks2S.PrsXEezZS";"soy sauce"
"802";"SgcOdDKk.HEwZwgNgks2S.PrsXEezZS";"potato"
"803";"SgcOdDKk.HEwZwgNgks2S.PrsXEezZS";"flour"
"804";"SgcOdDKk.HEwZwgNgks2S.PrsXEezZS";"cheese"
"805";"Y3JqA2PwSYSkaU.wnhkLo.LO.kvbM.u";"tomato"
"806";"Y3JqA2PwSYSkaU.wnhkLo.LO.kvbM.u";"water"
"807";"Y3JqA2PwSYSkaU.wnhkLo.LO.kvbM.u";"cheese"
"808";"Y3JqA2PwSYSkaU.wnhkLo.LO.kvbM.u";"garlic"
"809";"Y3JqA2PwSYSkaU.wnhkLo.LO.kvbM.u";"honey"
"81";"ZPyPoMiNvgAfrKcRpH9FEYV/XsPZBsW";"oyster sauce"
"810";"Y3JqA2PwSYSkaU.wnhkLo.LO.kvbM.u";"anchovy"
"811";"Y3JqA2PwSYSkaU.wnhkLo.LO.kvbM.u";"onion"
"814";"Y3JqA2PwSYSkaU.wnhkLo.LO.kvbM.u";"basil"
"815";"Y3JqA2PwSYSkaU.wnhkLo.LO.kvbM.u";"pepper"
"816";"Y3JqA2PwSYSkaU.wnhkLo.LO.kvbM.u";"pepper"
"817";"Y3JqA2PwSYSkaU.wnhkLo.LO.kvbM.u";"pepper"
"818";"Y3JqA2PwSYSkaU.wnhkLo.LO.kvbM.u";"salt"
"819";"iq8oht87X/tD0DOgD0G2AdJQpHcKB32";"sausage"
"82";"ZPyPoMiNvgAfrKcRpH9FEYV/XsPZBsW";"tamarind paste"
"820";"iq8oht87X/tD0DOgD0G2AdJQpHcKB32";"pepper"
"821";"iq8oht87X/tD0DOgD0G2AdJQpHcKB32";"bacon"
"822";"iq8oht87X/tD0DOgD0G2AdJQpHcKB32";"onion"
"823";"iq8oht87X/tD0DOgD0G2AdJQpHcKB32";"garlic"
"824";"iq8oht87X/tD0DOgD0G2AdJQpHcKB32";"chicken"
"825";"iq8oht87X/tD0DOgD0G2AdJQpHcKB32";"potato"
"826";"iq8oht87X/tD0DOgD0G2AdJQpHcKB32";"heavy cream"
"827";"iq8oht87X/tD0DOgD0G2AdJQpHcKB32";"spinach"
"828";"TI4R4CZaqB29BN8XOj5zImikoLw2Ieu";"bacon"
"829";"TI4R4CZaqB29BN8XOj5zImikoLw2Ieu";"sausage"
"83";"ZPyPoMiNvgAfrKcRpH9FEYV/XsPZBsW";"fish"
"830";"TI4R4CZaqB29BN8XOj5zImikoLw2Ieu";"sugar"
"831";"ZpgZSHNMxAutW1M46q8SqHH23QkNqIK";"sugar"
"832";"ZpgZSHNMxAutW1M46q8SqHH23QkNqIK";"margarine melted"
"833";"ZpgZSHNMxAutW1M46q8SqHH23QkNqIK";"nutmeg"
"834";"ZpgZSHNMxAutW1M46q8SqHH23QkNqIK";"milk"
"835";"ZpgZSHNMxAutW1M46q8SqHH23QkNqIK";"baking powder"
"836";"ZpgZSHNMxAutW1M46q8SqHH23QkNqIK";"flour"
"837";"ZpgZSHNMxAutW1M46q8SqHH23QkNqIK";"margarine melted"
"838";"ZpgZSHNMxAutW1M46q8SqHH23QkNqIK";"sugar"
"839";"ZpgZSHNMxAutW1M46q8SqHH23QkNqIK";"cinnamon"
"84";"ZPyPoMiNvgAfrKcRpH9FEYV/XsPZBsW";"sugar"
"840";"n.zvQbfYPY8cgN2QpC/TGwr1khbhRJK";"chicken"
"841";"n.zvQbfYPY8cgN2QpC/TGwr1khbhRJK";"vinegar"
"842";"n.zvQbfYPY8cgN2QpC/TGwr1khbhRJK";"lime juiced"
"843";"n.zvQbfYPY8cgN2QpC/TGwr1khbhRJK";"sugar"
"844";"n.zvQbfYPY8cgN2QpC/TGwr1khbhRJK";"salt"
"845";"n.zvQbfYPY8cgN2QpC/TGwr1khbhRJK";"pepper"
"846";"n.zvQbfYPY8cgN2QpC/TGwr1khbhRJK";"onion"
"847";"n.zvQbfYPY8cgN2QpC/TGwr1khbhRJK";"garlic"
"849";"n.zvQbfYPY8cgN2QpC/TGwr1khbhRJK";"flour"
"85";"ZPyPoMiNvgAfrKcRpH9FEYV/XsPZBsW";"minced shallot"
"850";"n.zvQbfYPY8cgN2QpC/TGwr1khbhRJK";"tomato"
"851";"n.zvQbfYPY8cgN2QpC/TGwr1khbhRJK";"lettuce"
"852";"n.zvQbfYPY8cgN2QpC/TGwr1khbhRJK";"cheese"
"853";"n.zvQbfYPY8cgN2QpC/TGwr1khbhRJK";"salsa"
"854";"/RFdTODXXDVdouX9e3frqkeT4v1ytnK";"flour"
"855";"/RFdTODXXDVdouX9e3frqkeT4v1ytnK";"corn"
"856";"/RFdTODXXDVdouX9e3frqkeT4v1ytnK";"baking powder"
"857";"/RFdTODXXDVdouX9e3frqkeT4v1ytnK";"salt"
"858";"/RFdTODXXDVdouX9e3frqkeT4v1ytnK";"egg"
"859";"/RFdTODXXDVdouX9e3frqkeT4v1ytnK";"beer"
"86";"ZPyPoMiNvgAfrKcRpH9FEYV/XsPZBsW";"garlic"
"860";"/RFdTODXXDVdouX9e3frqkeT4v1ytnK";"yogurt"
"861";"/RFdTODXXDVdouX9e3frqkeT4v1ytnK";"mayonnaise"
"862";"/RFdTODXXDVdouX9e3frqkeT4v1ytnK";"lime juiced"
"863";"/RFdTODXXDVdouX9e3frqkeT4v1ytnK";"pepper"
"864";"/RFdTODXXDVdouX9e3frqkeT4v1ytnK";"capers"
"866";"/RFdTODXXDVdouX9e3frqkeT4v1ytnK";"cumin"
"868";"/RFdTODXXDVdouX9e3frqkeT4v1ytnK";"pepper"
"869";"/RFdTODXXDVdouX9e3frqkeT4v1ytnK";"oil"
"87";"ZPyPoMiNvgAfrKcRpH9FEYV/XsPZBsW";"oil"
"870";"/RFdTODXXDVdouX9e3frqkeT4v1ytnK";"fillet"
"871";"/1Ciq3fOGK2B24YneWYbaoWDbeiBp9m";"chicken"
"872";"/1Ciq3fOGK2B24YneWYbaoWDbeiBp9m";"oil"
"873";"/1Ciq3fOGK2B24YneWYbaoWDbeiBp9m";"soy sauce"
"874";"/1Ciq3fOGK2B24YneWYbaoWDbeiBp9m";"ketchup"
"875";"/1Ciq3fOGK2B24YneWYbaoWDbeiBp9m";"honey"
"876";"/1Ciq3fOGK2B24YneWYbaoWDbeiBp9m";"garlic"
"877";"/1Ciq3fOGK2B24YneWYbaoWDbeiBp9m";"pepper"
"878";"AbSAdcdV/owyY6tXedi20Iw7G/lgMW6";"sugar"
"879";"AbSAdcdV/owyY6tXedi20Iw7G/lgMW6";"sugar"
"88";"ZPyPoMiNvgAfrKcRpH9FEYV/XsPZBsW";"ginger"
"880";"AbSAdcdV/owyY6tXedi20Iw7G/lgMW6";"butter"
"881";"AbSAdcdV/owyY6tXedi20Iw7G/lgMW6";"egg"
"882";"AbSAdcdV/owyY6tXedi20Iw7G/lgMW6";"flour"
"883";"AbSAdcdV/owyY6tXedi20Iw7G/lgMW6";"milk"
"884";"AbSAdcdV/owyY6tXedi20Iw7G/lgMW6";"extract"
"885";"AbSAdcdV/owyY6tXedi20Iw7G/lgMW6";"pe"
"886";".1rbuOxWLedoM53ZUWGw4RIuWOxh9FS";"water"
"887";".1rbuOxWLedoM53ZUWGw4RIuWOxh9FS";"salt"
"888";".1rbuOxWLedoM53ZUWGw4RIuWOxh9FS";"pepper"
"89";"ZPyPoMiNvgAfrKcRpH9FEYV/XsPZBsW";"pepper"
"890";".1rbuOxWLedoM53ZUWGw4RIuWOxh9FS";"basil"
"891";".1rbuOxWLedoM53ZUWGw4RIuWOxh9FS";"onion"
"893";".1rbuOxWLedoM53ZUWGw4RIuWOxh9FS";"garlic"
"894";".1rbuOxWLedoM53ZUWGw4RIuWOxh9FS";"bay"
"895";".1rbuOxWLedoM53ZUWGw4RIuWOxh9FS";"dressing"
"896";".1rbuOxWLedoM53ZUWGw4RIuWOxh9FS";"rump roast"
"897";"tGvKW87TmChqGGYvXUUrPKHa97dCu3u";"chicken"
"898";"tGvKW87TmChqGGYvXUUrPKHa97dCu3u";"buffalo"
"899";"tGvKW87TmChqGGYvXUUrPKHa97dCu3u";"dressing"
"9";"BmqFAmCrDHiKNwX.IQzb0U/v0mLlxFu";"butter"
"90";"ZPyPoMiNvgAfrKcRpH9FEYV/XsPZBsW";"crab"
"900";"tGvKW87TmChqGGYvXUUrPKHa97dCu3u";"butter"
"901";"tGvKW87TmChqGGYvXUUrPKHa97dCu3u";"bread"
"902";"66yRCiTB/vWvq/P74omjcVvv6obBWsK";"butter"
"903";"66yRCiTB/vWvq/P74omjcVvv6obBWsK";"garlic"
"904";"66yRCiTB/vWvq/P74omjcVvv6obBWsK";"tomato"
"905";"66yRCiTB/vWvq/P74omjcVvv6obBWsK";"chicken"
"906";"66yRCiTB/vWvq/P74omjcVvv6obBWsK";"heavy cream"
"907";"66yRCiTB/vWvq/P74omjcVvv6obBWsK";"chicken"
"908";"66yRCiTB/vWvq/P74omjcVvv6obBWsK";"pepper"
"909";"66yRCiTB/vWvq/P74omjcVvv6obBWsK";"oil"
"91";"ZPyPoMiNvgAfrKcRpH9FEYV/XsPZBsW";"cilantro"
"910";"66yRCiTB/vWvq/P74omjcVvv6obBWsK";"basil"
"911";"66yRCiTB/vWvq/P74omjcVvv6obBWsK";"pasta"
"912";"kEq2KyXowfn9VZHJaq348lMB/fGHaUO";"flour"
"913";"kEq2KyXowfn9VZHJaq348lMB/fGHaUO";"salt"
"914";"kEq2KyXowfn9VZHJaq348lMB/fGHaUO";"baking powder"
"915";"kEq2KyXowfn9VZHJaq348lMB/fGHaUO";"sugar"
"916";"kEq2KyXowfn9VZHJaq348lMB/fGHaUO";"egg"
"917";"kEq2KyXowfn9VZHJaq348lMB/fGHaUO";"milk"
"918";"kEq2KyXowfn9VZHJaq348lMB/fGHaUO";"butter"
"919";"kEq2KyXowfn9VZHJaq348lMB/fGHaUO";"extract"
"92";"ATMxl11LFhuvTbTi9.kX4nhYE50HeJ.";"pumpkin"
"920";"6RxXbE8G9aJcQwQhUraLpi.u6HF4LVK";"potato"
"921";"6RxXbE8G9aJcQwQhUraLpi.u6HF4LVK";"ham"
"922";"6RxXbE8G9aJcQwQhUraLpi.u6HF4LVK";"potato"
"923";"6RxXbE8G9aJcQwQhUraLpi.u6HF4LVK";"sour cream"
"924";"6RxXbE8G9aJcQwQhUraLpi.u6HF4LVK";"cheese"
"925";"6RxXbE8G9aJcQwQhUraLpi.u6HF4LVK";"cheese"
"926";"dYsEu6hdJ5a/jOoXL9tHLRQnIfEM1Pu";"sour cream"
"927";"dYsEu6hdJ5a/jOoXL9tHLRQnIfEM1Pu";"baking soda"
"928";"dYsEu6hdJ5a/jOoXL9tHLRQnIfEM1Pu";"flour"
"929";"dYsEu6hdJ5a/jOoXL9tHLRQnIfEM1Pu";"sugar"
"93";"ATMxl11LFhuvTbTi9.kX4nhYE50HeJ.";"egg"
"930";"dYsEu6hdJ5a/jOoXL9tHLRQnIfEM1Pu";"baking powder"
"931";"dYsEu6hdJ5a/jOoXL9tHLRQnIfEM1Pu";"cream of tartar"
"932";"dYsEu6hdJ5a/jOoXL9tHLRQnIfEM1Pu";"salt"
"933";"dYsEu6hdJ5a/jOoXL9tHLRQnIfEM1Pu";"butter"
"934";"dYsEu6hdJ5a/jOoXL9tHLRQnIfEM1Pu";"egg"
"935";"dYsEu6hdJ5a/jOoXL9tHLRQnIfEM1Pu";"raisins"
"936";"ykO6V/WBuqLN7pBgE52pPvmj8538hga";"asparagus"
"937";"ykO6V/WBuqLN7pBgE52pPvmj8538hga";"cooking spray"
"938";"ykO6V/WBuqLN7pBgE52pPvmj8538hga";"pepper"
"939";"ykO6V/WBuqLN7pBgE52pPvmj8538hga";"butter"
"94";"ATMxl11LFhuvTbTi9.kX4nhYE50HeJ.";"oil"
"940";"ykO6V/WBuqLN7pBgE52pPvmj8538hga";"soy sauce"
"941";"ykO6V/WBuqLN7pBgE52pPvmj8538hga";"vinegar"
"942";"uXO7dnDHVwl5M/dtLmOb8EmX0yTESCy";"mustard"
"943";"uXO7dnDHVwl5M/dtLmOb8EmX0yTESCy";"honey"
"944";"uXO7dnDHVwl5M/dtLmOb8EmX0yTESCy";"mayonnaise"
"945";"uXO7dnDHVwl5M/dtLmOb8EmX0yTESCy";"tea"
"946";"uXO7dnDHVwl5M/dtLmOb8EmX0yTESCy";"chicken"
"947";"8l8AkojX8npH/am/T4sMu2waR9EubhG";"beef"
"948";"8l8AkojX8npH/am/T4sMu2waR9EubhG";"salt"
"949";"8l8AkojX8npH/am/T4sMu2waR9EubhG";"pepper"
"95";"ATMxl11LFhuvTbTi9.kX4nhYE50HeJ.";"water"
"950";"8l8AkojX8npH/am/T4sMu2waR9EubhG";"butter"
"951";"8l8AkojX8npH/am/T4sMu2waR9EubhG";"onion"
"952";"8l8AkojX8npH/am/T4sMu2waR9EubhG";"flour"
"953";"8l8AkojX8npH/am/T4sMu2waR9EubhG";"broth"
"954";"8l8AkojX8npH/am/T4sMu2waR9EubhG";"mustard"
"955";"8l8AkojX8npH/am/T4sMu2waR9EubhG";"mushroom"
"956";"8l8AkojX8npH/am/T4sMu2waR9EubhG";"sour cream"
"957";"8l8AkojX8npH/am/T4sMu2waR9EubhG";"wine"
"958";"8l8AkojX8npH/am/T4sMu2waR9EubhG";"salt"
"959";"8l8AkojX8npH/am/T4sMu2waR9EubhG";"pepper"
"96";"ATMxl11LFhuvTbTi9.kX4nhYE50HeJ.";"sugar"
"960";"U52CYzG7Z743x.je2e.YC5qPxCDtzrO";"egg"
"961";"U52CYzG7Z743x.je2e.YC5qPxCDtzrO";"milk"
"962";"U52CYzG7Z743x.je2e.YC5qPxCDtzrO";"cheese"
"963";"U52CYzG7Z743x.je2e.YC5qPxCDtzrO";"oats"
"964";"U52CYzG7Z743x.je2e.YC5qPxCDtzrO";"salt"
"965";"U52CYzG7Z743x.je2e.YC5qPxCDtzrO";"beef"
"966";"U52CYzG7Z743x.je2e.YC5qPxCDtzrO";"ketchup"
"967";"U52CYzG7Z743x.je2e.YC5qPxCDtzrO";"sugar"
"968";"U52CYzG7Z743x.je2e.YC5qPxCDtzrO";"mustard"
"969";"yVtoEf.WTDeRx93pCiZtkyLqVWKZDHG";"butter"
"97";"ATMxl11LFhuvTbTi9.kX4nhYE50HeJ.";"flour"
"970";"yVtoEf.WTDeRx93pCiZtkyLqVWKZDHG";"mustard"
"971";"yVtoEf.WTDeRx93pCiZtkyLqVWKZDHG";"lemon"
"972";"yVtoEf.WTDeRx93pCiZtkyLqVWKZDHG";"garlic"
"973";"yVtoEf.WTDeRx93pCiZtkyLqVWKZDHG";"parsley"
"974";"yVtoEf.WTDeRx93pCiZtkyLqVWKZDHG";"shrimp"
"975";"ZVHsk5QnTG2xdIr6Qlm31.o7fYLpEoO";"oil"
"976";"ZVHsk5QnTG2xdIr6Qlm31.o7fYLpEoO";"onion"
"977";"ZVHsk5QnTG2xdIr6Qlm31.o7fYLpEoO";"rice"
"978";"ZVHsk5QnTG2xdIr6Qlm31.o7fYLpEoO";"chicken"
"979";"ZVHsk5QnTG2xdIr6Qlm31.o7fYLpEoO";"salsa"
"98";"ATMxl11LFhuvTbTi9.kX4nhYE50HeJ.";"baking soda"
"980";"hv/wvL1iLD2kANBoUM0E6mc8PAkI5N6";"oil"
"981";"hv/wvL1iLD2kANBoUM0E6mc8PAkI5N6";"onion"
"982";"hv/wvL1iLD2kANBoUM0E6mc8PAkI5N6";"spinach"
"983";"hv/wvL1iLD2kANBoUM0E6mc8PAkI5N6";"egg"
"984";"hv/wvL1iLD2kANBoUM0E6mc8PAkI5N6";"cheese"
"985";"hv/wvL1iLD2kANBoUM0E6mc8PAkI5N6";"salt"
"986";"hv/wvL1iLD2kANBoUM0E6mc8PAkI5N6";"pepper"
"987";"67yG6SOpEcO5ipPEWUaqOL2KTvnZS3u";"corn"
"988";"67yG6SOpEcO5ipPEWUaqOL2KTvnZS3u";"milk"
"989";"67yG6SOpEcO5ipPEWUaqOL2KTvnZS3u";"flour"
"99";"ATMxl11LFhuvTbTi9.kX4nhYE50HeJ.";"salt"
"990";"67yG6SOpEcO5ipPEWUaqOL2KTvnZS3u";"baking powder"
"991";"67yG6SOpEcO5ipPEWUaqOL2KTvnZS3u";"salt"
"992";"67yG6SOpEcO5ipPEWUaqOL2KTvnZS3u";"sugar"
"993";"67yG6SOpEcO5ipPEWUaqOL2KTvnZS3u";"egg"
"994";"67yG6SOpEcO5ipPEWUaqOL2KTvnZS3u";"oil"
"995";"j1l1K0Y72RgBEqo7N96gwj/RosdhPju";"oil"
"996";"j1l1K0Y72RgBEqo7N96gwj/RosdhPju";"garlic"
"997";"j1l1K0Y72RgBEqo7N96gwj/RosdhPju";"onion"
"998";"j1l1K0Y72RgBEqo7N96gwj/RosdhPju";"celery"
"999";"j1l1K0Y72RgBEqo7N96gwj/RosdhPju";"carrots"
