"ID";"RecipeName";"Calories";"Fat";"Carbs";"Fiber";"Sugar";"Protein";"Iron";"VitaminC";"VitaminD"
"..3M3xsVPQLnncQ2oYzCyhGjNe/6EB2";"Best Lemonade Ever";1435.0;1.0;375.0;1.0;359.0;1.0;0.0;142.0;0.0
".1rbuOxWLedoM53ZUWGw4RIuWOxh9FS";"Slow Cooker Italian Beef for Sandwiches";4482.0;276.0;8.0;2.0;2.0;462.0;43.0;1.0;0.0
".Bl2KAbYq4e78bz1Ctd..wIBW7e15dS";"Chicken Tikka Masala";2197.0;133.0;48.0;10.0;28.0;204.0;13.0;47.0;86.0
".RzlQoqQBLb7fMXJCLEpMAA0BjDELSK";"Cake Balls";4346.0;161.0;749.0;16.0;543.0;36.0;30.0;0.0;0.0
".tWveA.bfaMCy6yx0UbeQLYEksb/wr6";"Triple Berry Crisp";5720.0;293.0;751.0;52.0;414.0;58.0;25.0;115.0;204.0
"/1Ciq3fOGK2B24YneWYbaoWDbeiBp9m";"Caramelized Baked Chicken";3989.0;207.0;300.0;3.0;286.0;251.0;10.0;4.0;68.0
"/2gxW..BQqfXeCa.9FT4HaHW0jF8flW";"Chicken Enchiladas V";2785.0;131.0;243.0;14.0;27.0;159.0;21.0;174.0;57.0
"/eNLiYBTX8FYsKibbJDJqs9Ep/Y/FPa";"Bill's Sausage Gravy";1851.0;143.0;64.0;2.0;40.0;79.0;5.0;0.0;593.0
"/I.kF.DcxSPFQDzw4T419Q2cRY0j.7G";"Better Than Sex Cake II";4821.0;205.0;737.0;14.0;433.0;58.0;24.0;6.0;48.0
"/RFdTODXXDVdouX9e3frqkeT4v1ytnK";"Fish Tacos";5476.0;413.0;314.0;40.0;26.0;131.0;17.0;209.0;201.0
"/Zcq7FFI9oOzqwcuY9zEsddkJDP9XbG";"Baked Teriyaki Chicken";3309.0;96.0;116.0;1.0;101.0;466.0;21.0;1.0;23.0
"0F5M8sTP066l89VelFsjzD4jJM3mvQu";"French Toast Casserole";1316.0;46.0;169.0;9.0;81.0;55.0;10.0;0.0;328.0
"1fwIs9Xy0U8sYd1SexLowhUaKwHEM.q";"Chuck's Favorite Mac and Cheese";3522.0;201.0;272.0;13.0;29.0;155.0;10.0;2.0;138.0
"2.5UveE.bkE3NqxTDFlhk7Xhf6Cw7Mu";"Good Old Fashioned Pancakes";1292.0;50.0;174.0;5.0;29.0;35.0;11.0;0.0;216.0
"2DzwXff.fOu.uz79F.DR8.0nX7NlIYa";"Simple White Cake";2496.0;106.0;353.0;5.0;208.0;35.0;11.0;0.0;201.0
"2GV8OxOPn2uKhaCVoPw36Lg6tvNws9W";"Best Big, Fat, Chewy Chocolate Chip Cookie";5157.0;252.0;730.0;27.0;504.0;50.0;25.0;0.0;167.0
"2UMxx.Clwo5l7liwj.7EIdATFcpbHem";"Honey Mustard Dressing II";474.0;45.0;19.0;1.0;18.0;1.0;0.0;3.0;0.0
"3";"TestReact3";2000.0;0.0;0.0;0.0;0.0;0.0;0.0;0.0;0.0
"3hlzi2X3tu7Ibzs9M7FjtLoNvK9YDRq";"Kung Pao Chicken";1705.0;96.0;77.0;18.0;19.0;138.0;11.0;25.0;5.0
"3L6neG9u5YwW4eLKnKSGqKos6v1aixu";"Savory Garlic Marinated Steaks";1677.0;115.0;74.0;3.0;55.0;88.0;11.0;10.0;26.0
"47RPx8W60kTp3lLyWhx6mpVbJUaIvJy";"Blueberry Zucchini Bread";5540.0;242.0;797.0;24.0;488.0;60.0;23.0;73.0;106.0
"5c1T2xaLITaasKPDVkob8ZCs8PfbTvu";"Strawberry Spinach Salad I";2009.0;142.0;181.0;29.0;138.0;25.0;16.0;501.0;0.0
"5ZpZE8hSVdPk2ZXo1mZTyoPWJRSCPSm";"Awesome Slow Cooker Pot Roast";3883.0;165.0;62.0;6.0;4.0;538.0;68.0;1.0;105.0
"62TNyJih0KgRoQHmUXoaXL8BaJ2sXBq";"Black Bean and Couscous Salad";2177.0;51.0;344.0;78.0;20.0;90.0;23.0;209.0;0.0
"66yRCiTB/vWvq/P74omjcVvv6obBWsK";"Chicken Milano";2732.0;147.0;204.0;12.0;27.0;147.0;8.0;15.0;77.0
"67yG6SOpEcO5ipPEWUaqOL2KTvnZS3u";"Homesteader Cornbread";3790.0;147.0;544.0;16.0;169.0;73.0;25.0;0.0;382.0
"6IxFBbINcu1cvybDMy6UFji/ynUox9C";"Irish Soda Bread";4224.0;64.0;853.0;32.0;380.0;92.0;36.0;17.0;106.0
"6j79SdnlxNcKEY72KW3a0fDZGM3TEfu";"Pumpkin Pancakes";1653.0;47.0;261.0;16.0;54.0;46.0;18.0;11.0;222.0
"6lCMga97sL1YATxj7CLGnqZnTXaaCca";"Oatmeal Peanut Butter Cookies";6081.0;346.0;671.0;34.0;391.0;114.0;24.0;0.0;71.0
"6RxXbE8G9aJcQwQhUraLpi.u6HF4LVK";"Cheesy Ham and Hash Brown Casserole";4386.0;273.0;271.0;24.0;24.0;218.0;16.0;89.0;235.0
"7Qo95snNqvV4bTBFn9goRVWgRLsTfZ2";"Creamy Chicken and Wild Rice Soup";3900.0;298.0;215.0;11.0;32.0;100.0;10.0;5.0;224.0
"8B/x9YY6XVKrFT3RQqDRJZIlhVmcE.e";"Simple BBQ Ribs";2673.0;136.0;125.0;4.0;95.0;224.0;12.0;2.0;329.0
"8ESqKbI2nnKDkNp3YVikKLsrMkban8S";"BBQ Pork for Sandwiches";4675.0;323.0;208.0;5.0;170.0;219.0;16.0;3.0;1238.0
"8l8AkojX8npH/am/T4sMu2waR9EubhG";"Beef Stroganoff III";2447.0;157.0;46.0;8.0;9.0;206.0;29.0;12.0;111.0
"8LwDZxcNVpXQAJMufYu7zXRuyfSl7pq";"Chicken Breasts with Balsamic Vinegar and Garlic";1830.0;107.0;49.0;5.0;19.0;164.0;10.0;14.0;144.0
"96OsQszEgh/Ndtn04Uau1NjEJieB3Km";"Peanut Butter Bars I";6263.0;455.0;541.0;34.0;419.0;91.0;18.0;0.0;136.0
"99PNE9tq7cmoGh5LvVtzOhXxYiw9qnC";"Guacamole";1044.0;89.0;72.0;45.0;12.0;15.0;4.0;104.0;0.0
"9e0UZ99WyaUAdDiErygKpJhOGSvbKFO";"Absolutely Fabulous Greek/House Dressing";12260.0;1301.0;102.0;29.0;5.0;21.0;40.0;17.0;0.0
"9ZDFzVr8q1FVR5cbD2t136VnIPF8F1u";"Mmm-Mmm Better Brownies";2193.0;125.0;266.0;12.0;201.0;23.0;9.0;0.0;71.0
"AbSAdcdV/owyY6tXedi20Iw7G/lgMW6";"Pecan Pie V";2484.0;179.0;215.0;11.0;197.0;23.0;6.0;1.0;146.0
"AiDcAUzRwgdX52NVlrtfmNWVUYCtUai";"David's Yellow Cake";4262.0;221.0;530.0;5.0;311.0;47.0;24.0;0.0;464.0
"ATMxl11LFhuvTbTi9.kX4nhYE50HeJ.";"Downeast Maine Pumpkin Bread";6308.0;247.0;974.0;26.0;615.0;72.0;30.0;18.0;141.0
"axWlJ7IURfIDCNafYnpz8Lu0QlQ3cVG";"Cranberry Pistachio Biscotti";3233.0;149.0;421.0;28.0;205.0;71.0;20.0;10.0;71.0
"BCoNFX8VUAvDtxt3HoJPrdeNYEBCtkO";"Chicken Enchiladas I";4000.0;173.0;267.0;23.0;61.0;337.0;24.0;84.0;91.0
"BmqFAmCrDHiKNwX.IQzb0U/v0mLlxFu";"Best Chocolate Chip Cookies";7176.0;376.0;941.0;38.0;607.0;84.0;35.0;2.0;207.0
"BUnfyFMb.yQEUpXHY8kYaCt64/QSw7u";"White Chocolate and Cranberry Cookies";3456.0;141.0;527.0;12.0;361.0;33.0;11.0;1.0;103.0
"BYMc57FdHLhI6UndwAcGqhWMIY0YFHm";"Easy Garlic Broiled Chicken";3443.0;285.0;15.0;2.0;1.0;198.0;9.0;10.0;103.0
"CCDjRzzcXR1hPHWtWfYpv8NoFLZK31i";"Oatmeal Raisin Cookies I";4387.0;164.0;699.0;31.0;400.0;63.0;23.0;3.0;173.0
"CiJLJFg01uGVXMd.ZEQnREePnxZdwwy";"Gourmet Mushroom Risotto";2959.0;122.0;351.0;25.0;54.0;102.0;23.0;27.0;121.0
"cZEig4Ud8oFX2kPSrsz7Ke650NEqVRK";"Quick and Easy Chicken Noodle Soup";926.0;26.0;79.0;10.0;22.0;92.0;8.0;15.0;26.0
"DewqAoiQBFwJLx4XnhtuvOsog5AZgqy";"Best Ever Banana Bread";3303.0;124.0;523.0;12.0;332.0;39.0;12.0;20.0;71.0
"dIkhCHSuQxh5gbHOW5JPshRTDMtbM/q";"Sarah's Applesauce";575.0;1.0;152.0;18.0;126.0;2.0;1.0;34.0;0.0
"drSlco7C3f2Mk59zc6F11P32vAALMLu";"Sesame Pasta Chicken Salad";3957.0;159.0;393.0;21.0;51.0;227.0;16.0;8.0;7.0
"dYsEu6hdJ5a/jOoXL9tHLRQnIfEM1Pu";"Grandma Johnson's Scones";4734.0;238.0;591.0;14.0;208.0;64.0;26.0;2.0;204.0
"elIrYoQ/QftnsW9V0eDiLfYBUwJCfPG";"Banana Muffins II";2232.0;69.0;388.0;16.0;200.0;30.0;11.0;35.0;81.0
"ElsWpXVWCjq0T.HVmNgpya2Zaq.FM1i";"Roasted Garlic Lemon Broccoli";501.0;14.0;83.0;32.0;21.0;35.0;9.0;1087.0;0.0
"en6LkzG2x9aguubKfn/OCPFjIuoyefq";"Cracked Sugar Cookies I";3879.0;198.0;491.0;8.0;251.0;41.0;16.0;0.0;224.0
"EnoInH/ar3x34KbynCWEFdVnllrihoy";"Blueberry Pie";1114.0;13.0;259.0;15.0;209.0;5.0;2.0;57.0;9.0
"EZG4FDvEphRBLgOpNK2guiQouHro5BW";"Chocolate Eclair Dessert";6980.0;242.0;1142.0;32.0;678.0;90.0;38.0;0.0;410.0
"FE8iezq58OtxSqnl4Fem/o2CCKWXw.G";"Quick and Easy Pizza Crust";1514.0;33.0;256.0;10.0;5.0;44.0;15.0;0.0;0.0
"frX/wbY2CBINLoBPxVL11uSqn8aUUVW";"Greek Chicken Pasta";2999.0;85.0;388.0;32.0;30.0;185.0;25.0;56.0;17.0
"FTyi08Qltp4xkkeIvlBlWZ.nApBOIaW";"Cheddar Bay Biscuits";3215.0;173.0;378.0;5.0;262.0;44.0;7.0;2.0;89.0
"Fu0DgGYFUGwc0BBlN6r20o/ihOVs5bO";"Mom's Zucchini Bread";6136.0;317.0;770.0;25.0;462.0;76.0;25.0;46.0;106.0
"FuZY5DP2PCZYzN69CkQvoi98cgXrPcq";"Old Fashioned Coconut Cream Pie";3448.0;188.0;399.0;14.0;218.0;50.0;9.0;7.0;138.0
"Fvbzkkqy1/56JZfR2IgOlVM2Jr..Aku";"Chantal's New York Cheesecake";6323.0;424.0;542.0;8.0;399.0;103.0;16.0;2.0;510.0
"fWl3.b2pvtZcg5/zoXczD1wn.OZ8Xl2";"Creamy Chocolate Frosting";2086.0;80.0;356.0;12.0;332.0;12.0;5.0;1.0;113.0
"g4o9vpZ9EOwJEc5ylYLaGPtywJV9xZ2";"Playgroup Granola Bars";3478.0;134.0;539.0;27.0;303.0;54.0;20.0;1.0;35.0
"g7siaXU6eBSxClh7DT41fveAuOyMf7m";"German Apple Cake I";4813.0;235.0;656.0;20.0;446.0;38.0;14.0;20.0;71.0
"gcgtrvOh8qYAs5bRAk65ic9KfdBESLi";"Salsa Chicken Rice Casserole";4680.0;209.0;291.0;11.0;25.0;390.0;14.0;17.0;142.0
"GoTYZ6JC/pdzrhpDpxmj9Cck5p1oOC6";"Stuffed Green Peppers I";2645.0;135.0;229.0;29.0;81.0;131.0;19.0;647.0;41.0
"gP9iX0kxyeV0sr/pETW7c/xaxv0EC.y";"Baked Slow Cooker Chicken";1673.0;117.0;3.0;2.0;0.0;144.0;8.0;12.0;77.0
"grXuwSWRtPoeQBP1NdjqIVLLM1VvCBy";"Best Spinach Dip Ever";4148.0;284.0;327.0;19.0;40.0;77.0;26.0;45.0;64.0
"Gui7vnPf9/fJ32bZcZCR2TWtuV9msbm";"Baked Kale Chips";218.0;15.0;18.0;7.0;5.0;9.0;3.0;241.0;0.0
"Gz5K3ijGhhTxpTTJzBe18dFwXfzW38K";"Easy Broccoli Quiche";3153.0;218.0;171.0;11.0;32.0;131.0;8.0;172.0;423.0
"GZ8rIWgmg5Pm6Rl1iszO/le/uiBR3BO";"Balsamic-Glazed Salmon Fillets";1965.0;115.0;41.0;3.0;31.0;176.0;6.0;37.0;0.0
"HhUppK44pVvVx.ezf6GmezqLivOByXm";"Italian Spaghetti Sauce with Meatballs";2647.0;162.0;189.0;46.0;78.0;124.0;31.0;253.0;51.0
"HHZv3DUz5SWoz60lCsfve0Uvh329mzO";"Flourless Peanut Butter Cookies";2378.0;137.0;258.0;13.0;227.0;63.0;5.0;0.0;35.0
"HPqJp4JVJSeh6btcuvkqIuIS5S0nTKO";"Chicken Fettuccini Alfredo";6834.0;292.0;458.0;24.0;80.0;571.0;23.0;48.0;563.0
"hv/wvL1iLD2kANBoUM0E6mc8PAkI5N6";"Crustless Spinach Quiche";1795.0;138.0;27.0;8.0;11.0;116.0;13.0;89.0;251.0
"I2lwk9BQlPPMKf3yLlc3dLwa67BG0yu";"Zesty Slow Cooker Chicken Barbecue";3269.0;108.0;184.0;3.0;155.0;370.0;10.0;6.0;16.0
"iA.aYX4CABHw9kXuYEyEtkL84udgWWq";"Slow Cooker Cilantro Lime Chicken";1899.0;37.0;58.0;15.0;23.0;315.0;10.0;29.0;14.0
"Ie.EaaxBORwdqNq98aTe6zWhymsiHBq";"Seven Layer Taco Dip";3528.0;273.0;174.0;45.0;60.0;117.0;22.0;186.0;174.0
"iG1JISciWW8lcQ5sU5ms3SjZ8D2CQ2S";"Simple Turkey Chili";1488.0;49.0;149.0;44.0;50.0;131.0;25.0;91.0;64.0
"iICDD6ezjsRATfAn/M6BmQ1ZqiaJdo2";"Best Cream Of Broccoli Soup";1382.0;85.0;113.0;5.0;42.0;56.0;9.0;541.0;291.0
"iIMHruyrJCDs8Q5imjezGaJpSn6Amjq";"Golden Sweet Cornbread";2430.0;91.0;369.0;10.0;148.0;37.0;15.0;0.0;160.0
"iq8oht87X/tD0DOgD0G2AdJQpHcKB32";"Super-Delicious Zuppa Toscana";4071.0;282.0;263.0;33.0;33.0;127.0;20.0;300.0;83.0
"IuukS2bbvqnzcclmWGxAlH/oCXRifma";"Peanut Butter Noodles";1528.0;48.0;225.0;14.0;42.0;58.0;7.0;8.0;0.0
"ivbCqdV1TE31XZCewCZqi4JM3lDa3EK";"Perfect Pumpkin Pie";2596.0;104.0;371.0;18.0;230.0;56.0;11.0;28.0;106.0
"j1l1K0Y72RgBEqo7N96gwj/RosdhPju";"Jamie's Minestrone";1842.0;70.0;266.0;66.0;105.0;69.0;26.0;282.0;0.0
"JgsRoR.jPThvlIQufUEocK.DFpUmTHG";"Red Velvet Cupcakes";8217.0;387.0;1142.0;24.0;868.0;87.0;15.0;2.0;466.0
"jRx1M5yA8Y10hFsVZQJSD0pWiHLr4NC";"Hamburger Steak with Onions and Gravy";1615.0;111.0;50.0;4.0;9.0;95.0;13.0;10.0;49.0
"jSmMwcP/SgMKoBjXIVB2hpgmYDurZbq";"Classic Bran Muffins";2055.0;86.0;317.0;43.0;150.0;42.0;18.0;4.0;38.0
"Jy61MpIwIJDIA/X/tyfBI6RCuAHQ4ta";"One Bowl Chocolate Cake III";3781.0;139.0;619.0;30.0;415.0;54.0;22.0;0.0;195.0
"k/0ilB0FPFGJyF5tsgKL6539BH0VEVu";"Butternut Squash Soup II";1177.0;36.0;184.0;24.0;36.0;40.0;10.0;201.0;17.0
"kEq2KyXowfn9VZHJaq348lMB/fGHaUO";"Classic Waffles";1917.0;84.0;239.0;7.0;45.0;49.0;15.0;0.0;303.0
"kg5faWUhNtmGPjkiQy3pSwpwppzo/0q";"Marinated Flank Steak";2217.0;170.0;15.0;2.0;4.0;153.0;14.0;17.0;27.0
"kksJeR84Z9mRM48VlCyScJCLyWqayw.";"Tangy Slow Cooker Pork Roast";2185.0;95.0;72.0;3.0;60.0;247.0;7.0;12.0;238.0
"KKZtgo.G0gFZKW3L6MATYU9JXh.7MQG";"Grandma's Chicken Noodle Soup";2497.0;65.0;227.0;8.0;55.0;234.0;17.0;37.0;44.0
"KnA9ZCv4JNT9M/4pFpq0rkHZsjyK/tm";"Mushroom Pork Chops";1705.0;89.0;43.0;8.0;11.0;178.0;7.0;14.0;210.0
"KOkJVAOORs8fUa9QH9uWIMFtHTu9hx2";"Slow Cooker Mashed Potatoes";3677.0;219.0;388.0;41.0;43.0;66.0;19.0;200.0;157.0
"kq.naD.8G19M4UU9dVvJgHtpfo.l/eC";"Banana Banana Bread";2727.0;104.0;418.0;20.0;171.0;43.0;15.0;46.0;139.0
"Kt0fyyj39oSYwc0nb1QeIVS/P45UxPm";"Best Brownies";2901.0;142.0;413.0;18.0;337.0;27.0;11.0;0.0;164.0
"kT2uKzUyX5pAiZwrF608p306cnP/zqq";"Eggplant Parmesan II";4751.0;188.0;541.0;97.0;177.0;232.0;40.0;68.0;166.0
"kthfkAITW1H96rLMTwNKS07EDfsGTR6";"Pumpkin Chocolate Chip Muffins";2368.0;93.0;366.0;16.0;204.0;36.0;16.0;8.0;71.0
"kveKufy3IKp18B9w90Ztb0TO3XF/FLu";"Spinach Brownies";2379.0;167.0;136.0;12.0;22.0;91.0;16.0;89.0;304.0
"L0PCxyJV0SXAneB/xeVcHLQt5g1PRr6";"Fluffy Pancakes";984.0;39.0;132.0;3.0;35.0;24.0;7.0;0.0;146.0
"l99jjjj9HwJsH4lrgpHZQJJP5rJqAUW";"Delicious Egg Salad for Sandwiches";1307.0;122.0;6.0;1.0;2.0;44.0;7.0;5.0;282.0
"lCJzmSnznCT4EsW55eeTo3hu74C/4iW";"Easy Tuna Casserole";2398.0;109.0;257.0;14.0;4.0;97.0;11.0;16.0;94.0
"lrKm5rIS.8fIG4ITVZAL3yRJBnRXIh.";"Pesto Chicken Florentine";3236.0;118.0;223.0;12.0;13.0;300.0;11.0;19.0;13.0
"lrNMozSewRkJXjEGdhARZrNAiHM19z6";"Creamy Hot Cocoa";1586.0;76.0;211.0;11.0;197.0;35.0;4.0;1.0;468.0
"lYrgWNn00EXblOupzM3tL0jGr9O0CB2";"Chef John's Fisherman's Pie";2715.0;118.0;208.0;23.0;38.0;212.0;22.0;169.0;697.0
"MBRNtqELRRuv8zJH4k7Aba2bmIc2A3C";"The Best Rolled Sugar Cookies";6527.0;299.0;881.0;17.0;402.0;89.0;33.0;0.0;345.0
"mDgcSaAmfeRgzPTYepbjH4X70QRbj6e";"Marinated Baked Pork Chops";2403.0;136.0;32.0;0.0;27.0;249.0;9.0;6.0;251.0
"mOjCSxtPipGM.QEICDLa67rl1u8.8ES";"Firecracker Grilled Alaska Salmon";3037.0;235.0;30.0;2.0;20.0;192.0;6.0;42.0;0.0
"MubUROykDQT0pSI.F.pZIQ6FtFu/aVK";"Irish Lamb Stew";11495.0;858.0;288.0;38.0;70.0;586.0;59.0;192.0;163.0
"mV1FAEXZpL9bXn0aXHWyLemvBAG0nlC";"Curried Coconut Chicken";2404.0;133.0;92.0;20.0;59.0;221.0;24.0;78.0;9.0
"MV4wp/7ZxjlGseBT0psPW91AIeHvQ1W";"To Die For Blueberry Muffins";3078.0;130.0;456.0;12.0;269.0;33.0;13.0;15.0;111.0
"N.jCksRjB4MFwbgPFQU8Kg.yF.XCtOi";"Homemade Mac and Cheese Casserole";3317.0;189.0;282.0;12.0;49.0;128.0;10.0;209.0;428.0
"n.zvQbfYPY8cgN2QpC/TGwr1khbhRJK";"Lime Chicken Soft Tacos";2476.0;64.0;264.0;17.0;25.0;203.0;21.0;36.0;13.0
"n1RO/cIccTsMK5n8hOxs0A8uu2NPLk2";"Pizza Dough I";1684.0;32.0;302.0;12.0;13.0;42.0;18.0;0.0;0.0
"n2zdS6O2jzNvAJSGcM9ENgNuEvEPliG";"Angela's Awesome Enchiladas";4669.0;262.0;239.0;27.0;52.0;332.0;29.0;313.0;139.0
"n9gX9d5Nq1RGOSwgYm6AyVngiN2ymHy";"Pizza Dough III";1283.0;32.0;210.0;8.0;9.0;36.0;12.0;0.0;0.0
"nC5kyA6pwOBzHTjwBtueESpUOhRpdU2";"Cocktail Meatballs";2030.0;99.0;180.0;17.0;121.0;96.0;14.0;42.0;49.0
"NFOSisLons3uKgwIRzlmtxbEuPmBVxm";"Banana Crumb Muffins";2616.0;80.0;458.0;15.0;264.0;31.0;12.0;30.0;89.0
"nOJfUpw7DUlq8P/5/QlJBkpq8HZ4Wvm";"Herb Rubbed Sirloin Tip Roast";3198.0;223.0;10.0;4.0;1.0;273.0;23.0;1.0;0.0
"nwtx08KExuRUl4LHekRYuJ3Y9EsHE.m";"Spanish Rice II";1131.0;32.0;195.0;15.0;14.0;20.0;8.0;189.0;0.0
"o22XhAeTd.m7J6T8tSE.qdQlhS1Ws5u";"Chicken Florentine Casserole";4661.0;288.0;74.0;17.0;15.0;439.0;24.0;117.0;198.0
"O2p4Fk8ZW0kNC4TKEG1B58ugAgHyAGy";"Spanish Rice Bake";2024.0;113.0;141.0;12.0;20.0;107.0;14.0;173.0;27.0
"OhRAklUOzdp6lSClWpFW1iNOD28ciga";"Special Buttercream Frosting";8000.0;476.0;964.0;0.0;945.0;4.0;1.0;1.0;48.0
"PBKduCo2ePsNYRVmJKsAKojIyt9GNWG";"Marinated Grilled Shrimp";1317.0;82.0;15.0;1.0;2.0;125.0;3.0;9.0;18.0
"Pf/Mwj3jtfHVFd6C/R3vk2YPOVmOOCu";"Chinese Chicken Fried Rice II";1112.0;38.0;121.0;4.0;6.0;67.0;9.0;14.0;55.0
"pV5G9TfC6gzRwXtTS751VD6Y.EejN/G";"Black Magic Cake";3719.0;133.0;618.0;30.0;414.0;54.0;21.0;2.0;73.0
"pwqrNtLpExVWRmuu8Oc5c/A8/s61hvu";"Beef Stew VI";2619.0;88.0;243.0;37.0;29.0;224.0;30.0;250.0;36.0
"pYQoiez2sS11XIjJc0a4E.a5wqJg5ES";"Spaghetti Carbonara II";3557.0;166.0;359.0;17.0;21.0;145.0;12.0;20.0;196.0
"Q1U2bYldkCJHMWtPCmwUdAGptoKKJ2W";"Honey Roasted Red Potatoes";604.0;24.0;92.0;8.0;24.0;10.0;4.0;41.0;17.0
"Qdv27B/unN67bh4EB.jH60KfHNQjPpW";"Delicious Ham and Potato Soup";1725.0;94.0;162.0;15.0;34.0;62.0;8.0;109.0;341.0
"QhoaoVSdzzqz.5ih3NqzLVdGIuMRw5m";"Robbi's M&Ms;Â® Cookies";5849.0;282.0;778.0;17.0;514.0;57.0;21.0;2.0;71.0
"QRgBSl.8xaXDuJMmqkZMwnkGGnTSR1S";"Butter Flaky Pie Crust";1383.0;94.0;119.0;4.0;0.0;17.0;7.0;0.0;68.0
"QVPNMtrpqZDbM5K6hYfMTb2Ez4.jlfa";"Awesome and Easy Creamy Corn Casserole";2835.0;184.0;270.0;30.0;22.0;48.0;5.0;16.0;171.0
"qZwPHIoKne6.1r5Muu7tAow/iqYo./u";"Sweet Potato Pie I";3106.0;163.0;391.0;15.0;220.0;28.0;6.0;8.0;201.0
"rky8e0ifBVbpWCFd.vRctUO041Ki7ZO";"Chicken Cordon Bleu II";4527.0;262.0;52.0;4.0;11.0;449.0;10.0;8.0;214.0
"roNraj3n.peyZ5tS6XSarnSeIwq.3Ky";"Yellow Squash Casserole";2140.0;152.0;148.0;13.0;23.0;58.0;11.0;68.0;242.0
"seDVeo8d/hNZt1IoUzSZUtGYseWCoja";"Bailey's Irish Cream Brownies";11116.0;479.0;1530.0;0.0;1167.0;67.0;34.0;0.0;207.0
"SgcOdDKk.HEwZwgNgks2S.PrsXEezZS";"Addictive Sweet Potato Burritos";4728.0;150.0;656.0;109.0;75.0;201.0;50.0;45.0;54.0
"sI6rnLmipYHp7YXdSeXkqdN4pFz5rmq";"Chicken Breasts in Caper Cream Sauce";1096.0;81.0;9.0;2.0;4.0;83.0;3.0;2.0;57.0
"t/uE/73KPaMydASNjcxakSBUODzbg.i";"Broccoli Cheese Soup";3613.0;267.0;163.0;16.0;46.0;152.0;7.0;414.0;426.0
"t9IcA.7pHTdBxBpvV7xWfsdCH2zNyua";"Asian Orange Chicken";2471.0;57.0;346.0;5.0;219.0;140.0;11.0;50.0;5.0
"tGvKW87TmChqGGYvXUUrPKHa97dCu3u";"Slow Cooker Buffalo Chicken Sandwiches";3285.0;144.0;116.0;7.0;2.0;357.0;23.0;0.0;28.0
"TI4R4CZaqB29BN8XOj5zImikoLw2Ieu";"Brown Sugar Smokies";3744.0;292.0;152.0;0.0;149.0;127.0;8.0;0.0;331.0
"TkZwNJhIEdO.UvM9gbTCPU3iJ.EjFCa";"Slow Cooker Texas Pulled Pork";4581.0;216.0;356.0;17.0;165.0;284.0;35.0;26.0;431.0
"TMwFndRwoMv17UCkxIsnpW4oD1lQ7y6";"Chocolate Cornstarch Pudding";1171.0;47.0;171.0;6.0;135.0;25.0;3.0;0.0;359.0
"tUWDIKmLqtTQ4xEafcwseftGkDlkh5e";"Taco Pie";5677.0;371.0;396.0;26.0;32.0;183.0;23.0;4.0;132.0
"U52CYzG7Z743x.je2e.YC5qPxCDtzrO";"Mini Meatloaves";2463.0;145.0;161.0;9.0;97.0;131.0;15.0;7.0;169.0
"u9.4XrD7E6t4Rfx7xSIfeNtFyMowhuC";"Chicken Pot Pie IX";3728.0;202.0;328.0;22.0;32.0;146.0;12.0;72.0;133.0
"unE5OHmbbdPtMY6ygp6unUcT8zL7buW";"Grandma Ople's  Apple Pie";2514.0;95.0;416.0;40.0;341.0;10.0;4.0;0.0;68.0
"unlpjtMrJRWxUfBoSSnSF6G6WIFjKkS";"World's Best Lasagna";5430.0;290.0;365.0;44.0;129.0;362.0;45.0;203.0;173.0
"uR5/f1OyLAkcrOdbR4EAWoG9P9C8FCi";"Garlic Red Potatoes";1104.0;50.0;152.0;17.0;13.0;22.0;7.0;111.0;36.0
"UrAhFxT7pmnIsD7wGvI97qt6aCmRnZS";"Paul's Pumpkin Bars";6483.0;365.0;770.0;22.0;547.0;58.0;23.0;18.0;230.0
"uXO7dnDHVwl5M/dtLmOb8EmX0yTESCy";"Honey Mustard Grilled Chicken";1818.0;54.0;76.0;4.0;71.0;248.0;6.0;1.0;11.0
"v0pGNTqiHEB9bXem4VY9CXkTsUFe/jm";"Hot Artichoke and Spinach Dip II";1859.0;157.0;59.0;23.0;13.0;65.0;8.0;52.0;82.0
"vAOjYkN.lMz5.PFuqZQQpuMaWUOVHc2";"Cajun Chicken Pasta";2213.0;167.0;111.0;9.0;20.0;73.0;5.0;176.0;124.0
"vicY5OzCBoIMEVAiwpntREpA076QW3C";"Roasted Garlic Cauliflower";796.0;56.0;51.0;18.0;17.0;35.0;5.0;415.0;9.0
"vk6qdaBVj5s3KYUU32UEgPCWPuLrhpO";"Tiramisu Layer Cake";5429.0;320.0;582.0;10.0;440.0;50.0;11.0;4.0;185.0
"vkvvqPI7anmpsckOS3rJfHA.HSh7rte";"American Lasagna";5820.0;351.0;307.0;40.0;98.0;365.0;37.0;194.0;240.0
"VQF9R/8uOgzCTKrPg.TnlcbeeNkRwzO";"Broiled Tilapia Parmesan";1879.0;114.0;5.0;0.0;1.0;209.0;6.0;12.0;1173.0
"VxibW5ljaeGrBLoIg6HjiAUu5jOodBG";"Apple Pie by Grandma Ople";2514.0;95.0;416.0;40.0;341.0;10.0;4.0;0.0;68.0
"w/1cZ2N63PEwWYwTsr4vW30LNpY/kmK";"Artichoke Chicken";3142.0;191.0;48.0;23.0;5.0;299.0;10.0;50.0;32.0
"W16LIKfAPvl.JW4REiKBVnrhJLVsjPa";"Ang's Balsamic Maple Chicken";1259.0;35.0;41.0;0.0;36.0;184.0;3.0;0.0;8.0
"WgW3rXBbkIWkngaAnl8tIuTA5ruU.W2";"Bodacious Broccoli Salad";3285.0;273.0;121.0;34.0;52.0;106.0;11.0;1092.0;78.0
"wSt5d14gCsdnoX1mc.f9/p2VDGtOCJm";"Award Winning Soft Chocolate Chip Cookies";11262.0;599.0;1477.0;56.0;980.0;113.0;53.0;0.0;413.0
"wyBzu2bGN3e75yz3oTupJ6wuzY3L322";"Kickin' Collard Greens";963.0;60.0;69.0;22.0;21.0;45.0;5.0;175.0;14.0
"XgDUviUHvgE9pqdXWO1h9lyNMmlucAS";"Black Bean and Corn Quesadillas";2695.0;117.0;315.0;46.0;30.0;106.0;24.0;20.0;54.0
"xHRUV12yEIzDhFy8UovbxhPhuEWCs4W";"Mexican Rice II";1279.0;50.0;178.0;5.0;14.0;28.0;5.0;13.0;0.0
"XkAIy0EmD32CZ0MIXMPdu823F1JC5.S";"Black Bean and Salsa Soup";957.0;13.0;162.0;64.0;14.0;57.0;19.0;32.0;7.0
"xOLcmvRHDocwMRHHPcLyu73bfRz6Ga6";"Old Fashioned Onion Rings";2082.0;122.0;205.0;10.0;24.0;42.0;13.0;11.0;160.0
"xrLOYL9osYcG.1Wud7ymkgulTHrojOq";"Easy Irish Colcannon";1807.0;92.0;230.0;48.0;44.0;36.0;14.0;549.0;66.0
"Xs1aXR7Fr0NHW8IH7zqWbxwDEhq6zeG";"Sam's Famous Carrot Cake";5610.0;289.0;718.0;39.0;454.0;76.0;24.0;41.0;108.0
"xT0jS/Rliigyu8hz0iPjjNvs7KRRsJu";"Baked Salmon Fillets Dijon";1489.0;110.0;23.0;4.0;2.0;99.0;4.0;18.0;34.0
"xu/ehCsat1QZbBcEoFboss8kdZJk7UC";"Baked Honey Mustard Chicken";2572.0;47.0;152.0;8.0;141.0;374.0;11.0;2.0;16.0
"y2x4T3RKqDRWPE/nntkS6PAs3xWF4J2";"Honey-Garlic Slow Cooker Chicken Thighs";2253.0;129.0;138.0;2.0;119.0;140.0;9.0;8.0;23.0
"Y3JqA2PwSYSkaU.wnhkLo.LO.kvbM.u";"Exquisite Pizza Sauce";391.0;8.0;71.0;8.0;56.0;18.0;6.0;39.0;5.0
"ybAYM2rjpeMIxNBRfvU3OBaykkHIp5u";"Aimee's Mashed Cauliflower 'Potatoes'";513.0;36.0;36.0;10.0;12.0;19.0;2.0;219.0;36.0
"YHjAua.isrvm9GlCZe6C8NFJ/RdDRJq";"Orzo with Parmesan and Basil";917.0;45.0;84.0;4.0;5.0;44.0;3.0;2.0;31.0
"ykO6V/WBuqLN7pBgE52pPvmj8538hga";"Baked Asparagus with Balsamic Butter Sauce";294.0;26.0;12.0;5.0;5.0;7.0;5.0;13.0;17.0
"yVtoEf.WTDeRx93pCiZtkyLqVWKZDHG";"Shrimp Scampi Bake";2435.0;190.0;6.0;2.0;1.0;186.0;6.0;14.0;136.0
"yy9pWFtmrTpK0JF3HKS4nl1uoqa5YG.";"Outrageous Chocolate Chip Cookies";3752.0;218.0;435.0;24.0;280.0;61.0;17.0;0.0;103.0
"Z98smn8ov9kuXJQPFM2S/ZUEYcFGjk.";"Tuna Noodle Casserole from Scratch";3282.0;185.0;261.0;21.0;45.0;153.0;20.0;35.0;535.0
"ZbjrGAfBpn9fuI11k56zPV8NQ6yQj9C";"Ginger Glazed Mahi Mahi";1053.0;28.0;65.0;1.0;59.0;131.0;9.0;1.0;0.0
"ZpgZSHNMxAutW1M46q8SqHH23QkNqIK";"Donut Muffins";2124.0;96.0;306.0;5.0;206.0;17.0;7.0;0.0;62.0
"ZPyPoMiNvgAfrKcRpH9FEYV/XsPZBsW";"Singapore Chili Crabs";909.0;38.0;71.0;4.0;42.0;74.0;5.0;43.0;41.0
"ZTpwPjVm8WXsFVFhOnXJvvScVzp7cz2";"Chicken Cordon Bleu I";2341.0;88.0;52.0;4.0;6.0;316.0;8.0;4.0;77.0
"ZVHsk5QnTG2xdIr6Qlm31.o7fYLpEoO";"Best Spanish Rice";1557.0;36.0;268.0;5.0;19.0;36.0;4.0;7.0;0.0
"zxSd1QSMeaqw7kdahQ/L./70xCiJrb.";"The Best Lemon Bars";4479.0;204.0;627.0;11.0;404.0;54.0;17.0;61.0;277.0
"zzkKyv6S9eERX/S2GPg6zuLy.UUY3Ya";"Black Bean Vegetable Soup";1251.0;22.0;216.0;80.0;30.0;64.0;22.0;99.0;0.0
